"Status","duratinMonth","CreditHistory","Purpose","CreditAmount","SavingsAccount","Present","InstallmentRate","PersonalStatusSex","OtherDebtors","PresentResidenceSince","Property","age","OtherInstallmentPlans","housing","NumberExistingCredits","job","NumberPeopleBeingLiable","telephone","foreignWorker","class"
"A13",6,"A34","A46",1047,NA,"A73",2,"A92",NA,4,"A122",NA,NA,NA,1,"A172",1,"A191",NA,1
"A12",30,"A34","A40",5234,NA,NA,4,"A94","A101",2,"A123",NA,NA,"A152",2,"A174",NA,"A191","A201",2
"A12",24,"A34",NA,7758,"A64","A75",NA,"A92","A101",4,"A124",29,NA,"A151",1,"A173",NA,"A191",NA,1
"A12",24,"A32","A40",1201,NA,"A72",4,"A93","A101",1,"A122",NA,"A143","A152",1,"A173",NA,"A191","A201",1
"A11",24,"A32",NA,2359,"A62","A71",1,"A91",NA,1,"A122",33,NA,NA,1,"A173",1,"A191",NA,2
"A11",12,"A31","A43",626,NA,NA,4,"A92","A101",4,"A121",NA,NA,"A152",1,"A172",NA,"A191","A201",2
"A14",15,"A34","A43",1316,"A63","A73",NA,"A94",NA,2,"A122",NA,NA,NA,2,"A172",NA,"A191",NA,1
"A12",27,"A34",NA,2520,NA,"A73",NA,"A93",NA,2,"A122",23,"A143","A152",2,"A172",1,"A191",NA,2
"A14",12,"A32","A43",1963,"A61","A74",4,"A93",NA,2,"A123",NA,"A143","A151",2,"A174",2,"A192",NA,1
"A11",18,"A33","A46",8471,"A65","A73",1,"A92","A101",2,"A123",NA,NA,NA,2,"A173",1,"A192",NA,1
"A12",36,"A32",NA,14318,NA,"A75",NA,"A93",NA,2,"A124",57,NA,"A153",1,"A174",NA,"A192","A201",2
"A14",18,"A34",NA,629,"A63","A75",NA,"A93",NA,3,"A122",NA,NA,NA,2,"A174",NA,"A192",NA,1
"A14",12,"A34","A40",1163,"A63",NA,NA,"A93","A101",4,"A121",44,NA,NA,1,"A173",1,"A192",NA,1
"A14",21,"A30","A40",5003,"A65",NA,1,"A92","A101",4,"A122",NA,NA,"A152",2,"A173",NA,"A192",NA,2
"A14",36,"A32","A41",8133,"A61",NA,NA,"A92",NA,2,"A122",NA,NA,NA,1,"A173",1,"A191",NA,1
"A12",30,"A32","A40",2150,NA,NA,NA,"A92",NA,2,"A124",NA,"A141","A152",1,"A173",1,"A191","A201",2
"A13",6,"A34",NA,1299,"A61","A73",1,"A93",NA,1,"A121",NA,NA,"A152",3,"A171",NA,"A191",NA,1
"A11",21,"A32","A40",3763,NA,NA,NA,"A93","A102",2,"A121",24,"A143","A152",1,"A172",1,"A191",NA,1
"A14",12,"A32","A49",1076,NA,NA,2,"A94","A101",2,"A121",26,"A143",NA,1,"A173",1,"A192","A202",1
"A14",4,"A34",NA,1455,NA,NA,NA,"A93","A101",1,"A121",NA,NA,"A152",3,"A172",NA,"A191",NA,1
"A14",21,"A32","A41",5248,"A65",NA,NA,"A93",NA,3,"A123",NA,NA,NA,1,"A173",1,"A191","A201",1
"A14",12,"A34",NA,1495,"A61","A75",4,"A93",NA,1,"A121",NA,NA,"A152",2,"A172",NA,"A191","A201",1
"A14",12,"A34","A43",1655,NA,NA,2,"A93",NA,4,"A121",63,NA,NA,2,"A172",NA,"A192","A201",1
"A14",30,"A31",NA,7485,NA,NA,NA,"A92","A101",1,"A121",53,NA,"A152",1,"A174",NA,"A192",NA,2
"A11",45,"A30","A49",11816,"A61","A75",2,"A93",NA,4,"A123",29,NA,NA,2,"A173",NA,"A191",NA,2
"A12",6,"A33",NA,1050,"A61","A71",NA,"A93","A101",1,"A122",NA,"A142",NA,2,"A174",NA,"A192",NA,1
"A12",48,"A30","A49",3844,"A62","A74",4,"A93",NA,4,"A124",NA,NA,NA,1,"A172",NA,"A191","A201",2
"A12",12,"A30","A48",1410,"A61",NA,NA,"A93",NA,2,"A121",31,NA,"A152",1,"A172",1,"A192","A201",1
"A12",9,"A32",NA,790,"A63",NA,NA,"A92","A101",3,"A121",NA,"A143","A152",1,"A172",1,"A191","A201",1
"A13",15,"A32",NA,2327,"A61","A72",NA,"A92",NA,3,"A121",NA,NA,NA,1,"A172",NA,"A191",NA,2
"A11",24,"A31","A43",1546,NA,NA,NA,"A93",NA,4,"A123",NA,NA,"A151",1,"A172",1,"A191","A201",2
"A11",6,"A34",NA,1361,"A61","A72",NA,"A93",NA,4,"A121",40,NA,"A152",1,"A172",NA,"A191",NA,1
"A14",30,"A34",NA,3077,NA,"A75",3,"A93",NA,2,"A123",NA,NA,NA,2,"A173",2,"A192","A201",1
"A14",12,"A34","A43",522,NA,"A75",4,"A93",NA,4,"A122",42,NA,NA,2,"A173",2,"A192",NA,1
"A14",18,"A34",NA,1817,NA,NA,4,"A92","A101",2,"A124",NA,NA,"A152",2,"A173",1,"A191","A201",1
"A12",36,"A33",NA,4455,NA,NA,2,"A91",NA,2,"A121",NA,NA,"A152",2,"A174",NA,"A192","A201",2
"A12",9,"A32",NA,959,NA,NA,NA,"A92",NA,2,"A123",29,"A143",NA,1,"A173",NA,"A191","A202",2
"A14",6,"A32","A42",4611,NA,"A72",1,"A92",NA,4,"A122",32,"A143",NA,1,"A173",1,"A191","A201",2
"A12",21,"A32",NA,2767,NA,"A75",NA,"A91",NA,2,"A123",NA,NA,"A151",2,"A172",NA,"A191","A201",2
"A11",6,"A31","A46",1198,"A61","A75",4,"A92","A101",4,"A124",35,NA,"A153",1,"A173",NA,"A191",NA,2
"A12",18,"A32","A45",3872,"A61",NA,NA,"A92",NA,4,"A123",NA,NA,"A152",1,"A173",1,"A192","A201",1
"A14",18,"A34",NA,1169,"A65","A73",4,"A93","A101",3,"A122",29,"A143",NA,2,"A173",1,"A192",NA,1
"A14",24,"A34",NA,4526,NA,"A73",NA,"A93",NA,2,"A121",74,NA,"A152",1,"A174",1,"A192",NA,1
"A12",36,"A30",NA,1953,NA,"A75",NA,"A93",NA,4,"A124",61,"A143",NA,1,"A174",NA,"A192",NA,2
"A14",18,"A34","A43",1098,NA,NA,NA,"A92","A101",4,"A123",NA,"A143",NA,2,"A171",NA,"A191",NA,1
"A11",48,"A32",NA,7763,NA,"A75",4,"A93","A101",4,"A124",NA,"A141","A153",1,"A174",NA,"A191","A201",2
"A14",9,"A32","A42",1980,"A61",NA,NA,"A92",NA,2,"A123",19,"A143",NA,2,"A173",NA,"A191",NA,2
"A14",12,"A32",NA,1884,NA,"A75",NA,"A93","A101",4,"A123",39,"A143",NA,1,"A174",NA,"A192","A201",1
"A14",36,"A34","A40",6614,NA,NA,NA,"A93",NA,4,"A123",34,"A143","A152",2,"A174",NA,"A192","A201",1
"A14",24,"A34",NA,6314,"A61","A71",NA,"A93",NA,2,"A124",27,NA,NA,2,"A174",1,"A192",NA,1
"A12",6,"A32",NA,753,NA,NA,NA,"A92","A103",3,"A121",NA,NA,"A152",1,"A173",NA,"A191",NA,1
"A12",12,"A32","A43",1567,"A61",NA,NA,"A92",NA,1,"A123",NA,NA,"A152",1,"A173",1,"A192",NA,1
"A11",15,"A30","A40",950,"A61","A75",NA,"A93","A101",3,"A123",NA,NA,"A151",2,"A173",2,"A191",NA,2
"A14",24,"A34","A45",5507,"A61",NA,3,"A93",NA,4,"A124",44,"A143",NA,2,"A173",NA,"A191",NA,1
"A14",30,"A34","A43",6742,"A65","A74",NA,"A93",NA,3,"A122",NA,"A143","A152",2,"A173",1,"A191","A201",1
"A11",18,"A32","A44",1217,NA,"A73",4,"A94",NA,3,"A121",NA,"A143","A152",1,"A172",NA,"A192","A201",2
"A14",24,"A34",NA,3868,NA,"A75",NA,"A92",NA,2,"A123",NA,NA,NA,2,"A174",NA,"A192","A201",1
"A14",18,"A32",NA,1568,"A62","A73",3,"A92",NA,4,"A122",24,NA,NA,1,"A172",1,"A191","A201",1
"A14",12,"A34",NA,1255,NA,NA,NA,"A93",NA,4,"A121",61,NA,NA,2,"A172",1,"A191","A201",1
"A14",36,"A34","A40",7855,NA,"A73",NA,"A92","A101",2,"A121",NA,NA,"A152",2,"A173",1,"A192","A201",2
"A14",9,"A34",NA,3074,"A65",NA,NA,"A93","A101",2,"A121",NA,"A143","A152",2,"A173",NA,"A191",NA,1
"A12",12,"A32",NA,685,NA,NA,NA,"A94",NA,3,"A123",NA,"A141",NA,1,"A172",1,"A191","A201",2
"A14",30,"A32",NA,2333,NA,"A75",4,"A93",NA,2,"A123",30,NA,NA,1,"A174",NA,"A191","A201",1
"A11",60,"A32",NA,7297,"A61",NA,NA,"A93","A102",4,"A124",36,"A143","A151",1,"A173",1,"A191",NA,2
"A14",54,"A30",NA,9436,"A65","A73",2,"A93",NA,2,"A122",39,"A143",NA,1,"A172",2,"A191","A201",1
"A11",21,"A33",NA,3414,"A61",NA,2,"A93",NA,1,"A122",NA,"A143","A152",2,"A173",1,"A191",NA,2
"A11",40,"A34",NA,5998,NA,NA,NA,"A93","A101",3,"A124",27,"A141","A152",1,"A173",NA,"A192",NA,2
"A12",36,"A33","A49",9857,"A62",NA,NA,"A93","A101",3,"A122",31,"A143","A152",2,"A172",2,"A192","A201",1
"A14",24,"A34",NA,5804,NA,"A73",4,"A93","A101",2,"A121",NA,NA,NA,2,"A173",1,"A191","A201",1
"A12",24,"A34",NA,11938,NA,NA,NA,"A93",NA,3,"A123",39,"A143",NA,2,"A174",NA,"A192",NA,2
"A11",20,"A34",NA,4272,"A61","A75",1,"A92","A101",4,"A122",24,NA,"A152",2,"A173",1,"A191",NA,1
"A11",14,"A32",NA,8978,NA,NA,1,"A91","A101",4,"A122",45,"A143",NA,1,"A174",1,"A192",NA,2
"A13",12,"A31","A43",409,"A64",NA,NA,"A92",NA,3,"A121",NA,"A143","A151",2,"A173",NA,"A191",NA,1
"A11",24,"A32","A42",3345,NA,"A75",NA,"A93",NA,2,"A122",NA,NA,"A151",1,"A174",NA,"A192","A201",2
"A14",22,"A32",NA,1283,NA,"A74",4,"A92","A101",4,"A122",25,"A143","A151",1,"A173",NA,"A191","A201",1
"A12",36,"A34","A41",5800,"A61","A73",3,"A93",NA,4,"A123",NA,"A143","A152",2,"A173",1,"A192","A201",1
"A14",48,"A32","A49",3914,NA,"A73",4,"A91",NA,2,"A121",38,NA,"A152",1,"A173",NA,"A191",NA,2
"A13",12,"A32","A42",2251,"A61",NA,1,"A92",NA,2,"A123",NA,NA,NA,1,"A172",NA,"A191",NA,1
"A14",6,"A34",NA,1221,"A65","A73",NA,"A94",NA,2,"A122",NA,"A143","A152",2,"A173",NA,"A191",NA,1
"A12",30,"A32",NA,1715,"A65","A73",NA,"A92",NA,1,"A123",26,"A143","A152",1,"A173",1,"A191","A201",1
"A11",8,"A34","A410",1164,NA,NA,NA,"A93",NA,4,"A124",NA,NA,NA,2,"A174",NA,"A192","A201",1
"A14",60,"A32",NA,10366,NA,NA,2,"A93","A101",4,"A122",42,"A143",NA,1,"A174",1,"A192",NA,1
"A11",24,"A34",NA,1199,NA,NA,4,"A93","A101",4,"A123",60,"A143",NA,2,"A172",NA,"A191",NA,2
"A14",36,"A33",NA,4454,NA,"A73",NA,"A92","A101",4,"A121",NA,"A143",NA,2,"A173",1,"A191",NA,1
"A12",42,"A31","A41",9283,NA,NA,1,"A93",NA,2,"A124",NA,NA,"A153",1,"A174",NA,"A192",NA,1
"A12",30,"A34",NA,4249,NA,"A71",NA,"A94","A101",2,"A123",NA,NA,"A152",2,"A174",NA,"A191",NA,2
"A14",12,"A32",NA,3059,NA,NA,NA,"A91",NA,4,"A121",61,"A143","A152",1,"A172",1,"A191",NA,1
"A12",24,"A32",NA,2760,NA,NA,NA,"A93","A101",4,"A124",NA,NA,NA,1,"A173",1,"A192","A201",1
"A14",18,"A32",NA,1943,NA,"A72",NA,"A92",NA,4,"A121",NA,"A143",NA,1,"A173",1,"A191","A201",2
"A14",24,"A34","A42",5150,"A61","A75",4,"A93","A101",4,"A123",33,NA,NA,1,"A173",NA,"A192","A201",1
"A14",36,"A34","A43",9566,"A61",NA,2,"A92",NA,2,"A123",NA,"A142",NA,2,"A173",1,"A191",NA,1
"A11",30,"A34",NA,6187,NA,"A74",1,"A94","A101",4,"A123",24,"A143","A151",2,"A173",1,"A191","A201",1
"A12",9,"A34","A42",1919,NA,"A74",4,"A93",NA,3,"A123",35,"A143",NA,1,"A173",1,"A192","A201",1
"A11",11,"A34","A40",3939,NA,"A73",NA,"A93",NA,2,"A121",NA,NA,NA,2,"A172",2,"A191","A201",1
"A14",48,"A34","A43",3578,NA,NA,NA,"A93","A101",1,"A121",NA,NA,NA,1,"A173",NA,"A192",NA,1
"A11",12,"A34",NA,385,"A61","A74",4,"A92","A101",3,"A121",NA,NA,NA,4,"A172",1,"A192","A201",1
"A11",36,"A34","A42",6229,NA,"A72",NA,"A92",NA,4,"A124",NA,"A143","A151",2,"A172",NA,"A192",NA,2
"A14",18,"A34",NA,2775,NA,"A74",2,"A93","A101",2,"A122",NA,"A141","A152",2,"A173",1,"A191","A201",2
"A13",12,"A34","A40",939,NA,"A74",4,"A94",NA,2,"A121",28,"A143",NA,3,"A173",NA,"A192","A201",2
"A14",24,"A33",NA,8648,"A61","A72",NA,"A93","A101",2,"A123",27,"A141","A152",2,"A173",1,"A192",NA,2
"A11",9,"A34",NA,1138,"A61","A73",4,"A93",NA,4,"A121",25,"A143","A152",2,"A172",1,"A191",NA,1
"A14",4,"A32","A42",601,NA,"A72",1,"A92",NA,3,"A121",NA,"A143",NA,1,"A172",2,"A191","A201",1
"A12",24,"A32","A43",3092,NA,"A72",3,"A94",NA,2,"A123",NA,"A143","A151",1,"A173",NA,"A192","A201",2
"A12",24,"A34",NA,1216,NA,"A72",4,"A93",NA,4,"A124",38,"A141",NA,2,"A173",NA,"A191","A201",2
"A14",24,"A32",NA,1552,NA,NA,3,"A93","A101",1,"A123",32,"A141",NA,1,"A173",NA,"A191",NA,1
"A11",18,"A32",NA,2039,NA,"A73",NA,"A92",NA,4,"A121",20,"A141","A151",1,"A173",1,"A191","A201",2
"A12",20,"A33",NA,2629,"A61",NA,2,"A93",NA,3,"A123",29,NA,NA,2,"A173",1,"A192",NA,1
"A14",24,"A32","A43",1278,"A61","A75",4,"A93",NA,1,"A121",NA,"A143",NA,1,"A174",NA,"A192",NA,1
"A14",18,"A34",NA,2238,"A61","A73",2,"A92","A101",1,"A123",NA,"A143",NA,2,"A173",NA,"A191","A201",1
"A12",9,"A32","A40",3195,"A65","A73",1,"A92",NA,2,"A121",33,NA,"A152",1,"A172",1,"A191",NA,1
"A11",15,"A32",NA,1845,NA,NA,4,"A92",NA,1,"A122",NA,NA,"A151",1,"A173",NA,"A191",NA,1
"A14",6,"A30","A43",426,NA,"A75",4,"A94","A101",4,"A123",39,NA,NA,1,"A172",NA,"A191","A201",1
"A12",12,"A32",NA,625,NA,"A72",NA,"A94",NA,1,"A121",NA,"A141","A152",1,"A172",1,"A191",NA,1
"A14",18,"A34","A43",2404,"A61","A73",2,"A92","A101",2,"A123",NA,NA,NA,2,"A173",1,"A191",NA,1
"A14",6,"A34",NA,1898,"A65",NA,NA,"A93",NA,2,"A121",NA,NA,"A152",2,"A172",2,"A191",NA,1
"A11",27,"A32","A43",3416,NA,"A73",3,"A93","A101",2,"A123",NA,"A143",NA,1,"A174",NA,"A191","A201",1
"A14",15,"A33","A42",960,"A64","A74",NA,"A92",NA,2,"A122",30,NA,NA,2,"A173",1,"A191",NA,1
"A11",12,"A32",NA,1893,"A61","A73",NA,"A92",NA,4,"A122",NA,"A143",NA,1,"A173",1,"A192",NA,1
"A14",18,"A34","A41",3850,NA,"A74",NA,"A93","A101",1,"A123",NA,NA,"A152",2,"A173",1,"A191","A201",1
"A11",24,"A32",NA,6568,"A61","A73",NA,"A94",NA,2,"A123",21,"A142",NA,1,"A172",NA,"A191",NA,1
"A12",21,"A34","A49",3652,NA,"A74",2,"A93",NA,3,"A122",27,"A143","A152",2,"A173",NA,"A191","A201",1
"A14",48,"A34",NA,2751,NA,"A75",4,"A93",NA,3,"A123",NA,"A143","A152",2,"A173",NA,"A192",NA,1
"A12",36,"A33",NA,7432,NA,"A73",NA,"A92",NA,2,"A122",54,NA,NA,1,"A173",1,"A191","A201",1
"A14",12,"A32",NA,3527,NA,NA,NA,"A93",NA,3,"A122",NA,"A143",NA,1,"A174",2,"A192",NA,1
"A12",6,"A33",NA,1449,"A62",NA,1,"A91",NA,2,"A123",NA,NA,NA,2,"A173",NA,"A191",NA,1
"A11",24,"A32","A43",2384,NA,NA,NA,"A93","A101",4,"A121",NA,NA,"A151",1,"A172",1,"A191","A201",1
"A14",24,"A34",NA,2022,NA,"A73",NA,"A92","A101",4,"A123",37,NA,NA,1,"A173",1,"A192","A201",1
"A14",15,"A34",NA,1829,NA,"A75",4,"A93","A101",4,"A123",NA,NA,NA,2,"A173",NA,"A192",NA,1
"A12",18,"A34","A40",884,"A61",NA,NA,"A93","A101",4,"A123",36,NA,"A152",1,"A173",NA,"A192",NA,2
"A14",48,"A34",NA,8858,NA,"A74",2,"A93",NA,1,"A124",NA,NA,"A153",2,"A173",NA,"A192",NA,1
"A12",12,"A32","A40",6078,NA,"A74",NA,"A93","A101",2,"A123",32,"A143",NA,1,"A173",NA,"A191",NA,1
"A12",12,"A34",NA,958,"A61","A74",NA,"A93",NA,3,"A121",47,"A143","A152",2,"A172",NA,"A191",NA,1
"A14",24,"A32","A41",2679,NA,"A72",NA,"A92",NA,1,"A124",NA,NA,"A152",1,"A174",NA,"A192",NA,1
"A14",10,"A32",NA,1364,"A61",NA,NA,"A92","A101",4,"A123",64,NA,NA,1,"A173",1,"A192",NA,1
"A11",6,"A34","A40",3676,"A61",NA,NA,"A93","A101",3,"A121",37,NA,NA,3,"A173",2,"A191","A201",1
"A14",18,"A30","A49",4165,"A61","A73",NA,"A93","A101",2,"A123",36,"A142","A152",2,"A173",NA,"A191","A201",2
"A12",18,"A34",NA,1245,"A61","A73",4,"A94","A101",2,"A123",NA,"A143","A152",1,"A173",1,"A191",NA,2
"A11",12,"A32",NA,1274,NA,"A72",NA,"A92",NA,1,"A121",NA,"A143","A152",1,"A172",NA,"A191","A201",2
"A11",36,"A32",NA,3249,NA,"A74",2,"A93","A101",4,"A124",39,NA,"A153",1,"A174",2,"A192","A201",1
"A12",13,"A34","A43",882,"A61",NA,4,"A93",NA,4,"A121",23,NA,"A152",2,"A173",1,"A191",NA,1
"A14",60,"A32",NA,10144,"A62","A74",NA,"A92",NA,4,"A121",NA,NA,NA,1,"A173",1,"A192","A201",1
"A14",10,"A32","A40",1597,NA,"A73",NA,"A93",NA,2,"A124",40,NA,NA,1,"A172",NA,"A191","A202",1
"A11",48,"A30",NA,4605,"A61",NA,NA,"A93",NA,4,"A124",NA,NA,"A153",2,"A173",2,"A191",NA,2
"A11",36,"A32",NA,1842,NA,"A72",4,"A92",NA,4,"A123",NA,"A143",NA,1,"A173",NA,"A192",NA,2
"A14",24,"A32","A43",3430,"A63","A75",NA,"A93","A101",2,"A123",NA,NA,NA,1,"A173",2,"A192","A201",1
"A11",18,"A34",NA,3966,NA,NA,NA,"A92","A101",4,"A121",33,NA,NA,3,"A173",NA,"A192",NA,2
"A12",12,"A32","A43",1484,"A65","A73",NA,"A94","A101",1,"A121",25,NA,"A152",1,"A173",NA,"A192","A201",2
"A11",18,"A32","A43",2389,NA,NA,NA,"A92","A101",1,"A123",NA,"A142",NA,1,"A173",1,"A191",NA,1
"A14",24,"A32","A40",2255,"A65",NA,NA,"A93","A101",1,"A122",NA,NA,NA,1,"A173",NA,"A191",NA,1
"A12",48,"A31",NA,6416,"A61","A75",NA,"A92",NA,3,"A124",NA,NA,"A151",1,"A173",NA,"A191",NA,2
"A12",48,"A34",NA,5096,"A61",NA,2,"A92",NA,3,"A123",30,"A143","A152",1,"A174",NA,"A192","A201",2
"A14",15,"A32","A41",1300,NA,"A75",NA,"A93","A101",4,"A124",NA,"A141",NA,1,"A173",NA,"A191",NA,1
"A14",6,"A32",NA,660,NA,"A74",NA,"A94",NA,4,"A121",23,NA,NA,1,"A172",1,"A191","A201",1
"A12",13,"A32","A43",2101,NA,NA,2,"A92",NA,4,"A122",23,NA,"A152",1,"A172",NA,"A191","A201",1
"A12",18,"A32",NA,866,"A61",NA,NA,"A94","A103",2,"A121",NA,"A143",NA,1,"A172",NA,"A191",NA,1
"A12",39,"A34","A43",4933,"A61",NA,NA,"A93","A103",2,"A121",25,"A143",NA,2,"A173",NA,"A191","A201",2
"A11",48,"A31",NA,7685,NA,NA,2,"A92","A103",4,"A123",NA,NA,"A151",1,"A173",1,"A191","A201",2
"A11",6,"A32","A40",1203,"A62",NA,3,"A93","A101",2,"A122",43,NA,NA,1,"A173",NA,"A192",NA,1
"A13",15,"A34",NA,2360,"A63","A73",2,"A93","A101",2,"A123",NA,"A143",NA,1,"A173",1,"A192",NA,1
"A12",14,"A32",NA,1410,NA,NA,NA,"A94",NA,2,"A121",NA,NA,"A152",1,"A173",1,"A192","A201",1
"A11",36,"A32","A42",2712,"A61",NA,2,"A93",NA,2,"A122",41,"A141",NA,1,"A173",NA,"A191",NA,2
"A14",12,"A34","A42",1258,"A61",NA,2,"A92",NA,4,"A122",NA,NA,NA,2,"A172",1,"A191",NA,1
"A12",9,"A34","A46",1501,"A61","A75",2,"A92",NA,3,"A123",NA,"A143",NA,2,"A174",NA,"A192",NA,2
"A14",15,"A32","A43",1979,NA,NA,NA,"A93",NA,2,"A123",NA,"A143","A152",1,"A173",1,"A191",NA,1
"A12",18,"A30",NA,2278,NA,NA,NA,"A92","A101",3,"A123",NA,NA,NA,2,"A173",1,"A191","A201",2
"A12",9,"A34",NA,1136,NA,"A75",4,"A93",NA,3,"A124",32,"A143","A153",2,"A173",2,"A191",NA,2
"A11",36,"A32",NA,5493,NA,"A75",2,"A93","A101",4,"A124",42,NA,NA,1,"A173",2,"A191",NA,1
"A12",12,"A32",NA,766,"A63",NA,4,"A93",NA,3,"A121",NA,"A143",NA,1,"A172",1,"A191","A201",2
"A11",48,"A32","A41",10297,NA,"A74",4,"A93",NA,4,"A124",NA,NA,"A153",3,"A173",NA,"A192","A201",2
"A11",42,"A34","A45",3394,"A61","A71",NA,"A93","A102",4,"A123",65,NA,"A152",2,"A171",NA,"A191","A201",1
"A12",8,"A32",NA,907,"A61",NA,3,"A94","A101",2,"A121",NA,"A143","A152",1,"A173",1,"A192","A201",1
"A11",8,"A34",NA,731,NA,NA,NA,"A93","A101",4,"A121",NA,"A143","A152",2,"A172",1,"A191","A201",1
"A13",21,"A34",NA,2319,NA,"A72",NA,"A91",NA,1,"A123",33,NA,NA,1,"A173",NA,"A191","A201",2
"A14",30,"A34",NA,5771,"A61",NA,NA,"A92","A101",2,"A123",NA,"A143",NA,2,"A173",1,"A191","A201",1
"A13",24,"A32","A40",947,NA,NA,4,"A93","A101",3,"A124",38,NA,NA,1,"A173",2,"A191",NA,2
"A11",18,"A30",NA,3104,NA,NA,3,"A93",NA,1,"A122",31,NA,NA,1,"A173",NA,"A192","A201",1
"A14",15,"A32",NA,1386,NA,NA,NA,"A94",NA,2,"A121",NA,NA,NA,1,"A173",1,"A192",NA,1
"A12",12,"A32","A40",888,"A61",NA,NA,"A93",NA,4,"A123",41,NA,"A152",1,"A172",NA,"A191","A201",2
"A14",12,"A34",NA,3331,NA,"A75",2,"A93",NA,4,"A122",NA,"A142","A152",1,"A173",NA,"A191",NA,1
"A14",6,"A32",NA,1538,NA,"A72",NA,"A92","A101",2,"A124",NA,NA,"A152",1,"A173",NA,"A191",NA,1
"A11",30,"A32","A45",11998,NA,"A72",NA,"A91",NA,1,"A124",34,"A143",NA,1,"A172",NA,"A192","A201",2
"A12",24,"A33",NA,2333,"A65","A72",4,"A93","A101",2,"A122",29,NA,"A152",1,"A172",NA,"A191",NA,1
"A14",12,"A34","A49",1264,NA,"A75",4,"A93",NA,4,"A124",57,"A143",NA,1,"A172",1,"A191",NA,1
"A11",24,"A32","A41",6579,NA,NA,4,"A93","A101",2,"A124",NA,"A143",NA,1,"A174",1,"A192","A201",1
"A14",15,"A32",NA,3556,NA,NA,NA,"A93","A101",2,"A124",NA,"A143","A152",1,"A173",1,"A191",NA,1
"A14",36,"A32",NA,3595,"A61",NA,4,"A93",NA,2,"A123",28,NA,"A152",1,"A173",NA,"A191",NA,1
"A12",30,"A32",NA,2991,NA,NA,2,"A92","A101",4,"A123",NA,NA,"A152",1,"A173",1,"A191",NA,1
"A14",15,"A32","A44",1262,"A63","A74",4,"A93",NA,3,"A122",36,NA,NA,2,"A173",NA,"A192","A201",1
"A14",24,"A32","A49",1258,"A61","A74",NA,"A93",NA,1,"A121",NA,"A143",NA,1,"A173",1,"A192",NA,1
"A12",12,"A32","A48",754,NA,NA,NA,"A93",NA,4,"A122",NA,"A143",NA,2,"A173",NA,"A191",NA,1
"A14",24,"A32",NA,2284,"A61","A74",4,"A93",NA,2,"A123",28,"A143",NA,1,"A173",1,"A192","A201",1
"A14",12,"A34",NA,2012,"A65",NA,NA,"A92",NA,2,"A123",NA,"A143","A152",1,"A173",1,"A191","A201",1
"A14",24,"A32",NA,1249,"A61",NA,4,"A94",NA,2,"A121",28,"A143",NA,1,"A173",NA,"A191",NA,1
"A14",4,"A34","A43",1544,"A61","A74",2,"A93",NA,1,"A121",42,NA,NA,3,"A172",NA,"A191",NA,1
"A12",36,"A34","A40",2820,"A61","A72",4,"A91",NA,4,"A123",NA,"A143","A152",2,"A173",1,"A191","A201",2
"A14",36,"A33","A41",8947,NA,NA,3,"A93",NA,2,"A123",31,NA,"A152",1,"A174",2,"A192","A201",1
"A14",36,"A33",NA,9572,NA,NA,1,"A91",NA,1,"A123",28,"A143","A152",2,"A173",1,"A191",NA,2
"A11",24,"A31","A42",2483,NA,NA,4,"A93","A101",4,"A121",22,NA,NA,1,"A173",NA,"A192",NA,1
"A14",12,"A32","A40",1386,"A63","A73",NA,"A92",NA,2,"A122",26,"A143","A152",1,"A173",NA,"A191","A201",2
"A14",24,"A32","A43",3181,NA,"A72",NA,"A92",NA,4,"A122",26,"A143","A152",1,"A173",NA,"A192","A201",1
"A11",9,"A32",NA,1366,NA,NA,3,"A92","A101",4,"A122",22,NA,NA,1,"A173",NA,"A191",NA,2
"A12",12,"A32","A42",983,"A64","A72",1,"A92",NA,4,"A121",NA,"A143","A151",1,"A172",1,"A191","A201",1
"A14",21,"A34","A40",12680,NA,"A75",4,"A93",NA,4,"A124",30,NA,NA,1,"A174",1,"A192","A201",2
"A11",12,"A32","A40",900,NA,"A73",NA,"A94","A101",2,"A123",23,"A143","A152",1,"A173",NA,"A191","A201",2
"A14",12,"A34",NA,1412,"A61",NA,4,"A92","A103",2,"A121",NA,"A143","A152",2,"A174",1,"A192","A201",1
"A12",10,"A31",NA,1048,NA,NA,4,"A93",NA,4,"A121",NA,"A142",NA,1,"A172",NA,"A191","A201",1
"A13",15,"A32",NA,392,NA,NA,4,"A92",NA,4,"A122",NA,"A143","A151",1,"A173",NA,"A192","A201",1
"A13",24,"A34",NA,3148,NA,"A73",NA,"A93","A101",2,"A123",31,"A143","A152",2,"A173",NA,"A192","A201",1
"A11",18,"A32","A42",2462,"A61",NA,2,"A93",NA,2,"A123",22,"A143","A152",1,"A173",1,"A191","A201",2
"A11",21,"A32","A43",3357,"A64",NA,4,"A92","A101",2,"A123",29,"A141",NA,1,"A173",NA,"A191","A201",1
"A14",12,"A32",NA,1768,NA,"A73",NA,"A93",NA,2,"A121",NA,"A143","A151",1,"A172",NA,"A191","A201",1
"A11",30,"A32",NA,3857,"A61","A73",NA,"A91",NA,4,"A122",40,NA,NA,1,"A174",NA,"A192","A201",1
"A14",18,"A32","A43",1126,"A65","A72",NA,"A92","A101",2,"A121",NA,NA,"A151",1,"A173",NA,"A192","A201",1
"A11",30,"A30","A42",4583,"A61",NA,2,"A91",NA,2,"A121",32,"A143",NA,2,"A173",NA,"A191","A201",1
"A11",15,"A32",NA,806,"A61","A73",4,"A92",NA,4,"A122",NA,NA,NA,1,"A172",NA,"A191",NA,1
"A11",12,"A34","A41",1526,NA,"A75",4,"A93","A101",4,"A124",66,NA,"A153",2,"A174",NA,"A191","A201",1
"A14",24,"A32",NA,999,NA,NA,NA,"A93","A101",2,"A123",25,NA,NA,2,"A173",NA,"A191",NA,1
"A14",15,"A34","A42",2788,"A61","A74",2,"A92","A102",3,"A123",NA,"A141",NA,2,"A173",1,"A191","A201",1
"A12",18,"A34","A42",1928,"A61",NA,2,"A93",NA,2,"A121",NA,"A143","A152",2,"A172",NA,"A191","A201",2
"A12",36,"A32",NA,4795,NA,"A72",NA,"A92","A101",1,"A124",30,NA,"A152",1,"A174",1,"A192",NA,1
"A14",6,"A34",NA,250,"A64",NA,NA,"A92",NA,2,"A121",NA,"A141","A152",2,"A172",1,"A191","A201",1
"A14",12,"A32",NA,2141,NA,NA,3,"A93","A101",1,"A124",NA,"A143","A152",1,"A173",NA,"A191",NA,1
"A11",36,"A34",NA,8065,NA,"A73",NA,"A92",NA,2,"A124",NA,NA,NA,2,"A174",1,"A192","A201",2
"A12",18,"A32",NA,1941,NA,NA,NA,"A93","A101",2,"A122",NA,"A143","A152",1,"A172",1,"A192",NA,1
"A11",24,"A32","A40",2303,"A61",NA,4,"A93","A102",1,"A121",NA,NA,"A152",1,"A173",1,"A191",NA,2
"A14",12,"A34","A43",618,"A61","A75",4,"A93","A101",4,"A121",56,NA,"A152",1,"A173",NA,"A191",NA,1
"A11",48,"A32",NA,3931,"A61",NA,NA,"A93",NA,4,"A124",NA,NA,"A153",1,"A173",2,"A191",NA,2
"A11",12,"A32",NA,3651,NA,"A73",NA,"A93",NA,3,"A122",31,NA,"A152",1,"A173",2,"A191",NA,1
"A14",12,"A32","A43",1493,"A61","A72",4,"A92","A101",3,"A123",34,"A143",NA,1,"A173",2,"A191",NA,1
"A14",15,"A33","A43",1478,NA,NA,NA,"A94","A101",3,"A121",NA,"A141","A152",2,"A173",1,"A191","A201",1
"A11",9,"A32","A43",1364,"A61",NA,NA,"A93","A101",4,"A121",59,"A143","A152",1,"A173",1,"A191","A201",1
"A12",9,"A32",NA,918,NA,NA,NA,"A92","A101",1,"A122",30,"A143","A152",1,"A173",1,"A191","A201",2
"A11",21,"A31","A40",1647,"A65",NA,4,"A93",NA,2,"A122",40,NA,"A152",2,"A172",NA,"A191",NA,2
"A11",9,"A32",NA,654,"A61","A73",4,"A93","A101",3,"A123",NA,NA,NA,1,"A172",NA,"A191","A201",2
"A12",7,"A32",NA,2329,"A61",NA,NA,"A92",NA,1,"A121",NA,"A143","A152",1,"A173",NA,"A191","A201",1
"A12",36,"A30",NA,3804,"A61",NA,4,"A92",NA,1,"A123",42,NA,NA,1,"A173",1,"A192",NA,2
"A11",48,"A34",NA,6143,"A61","A75",4,"A92","A101",4,"A124",NA,NA,NA,2,"A172",1,"A191","A201",2
"A11",48,"A32","A49",4308,"A61",NA,3,"A92","A101",4,"A122",24,NA,"A151",1,"A173",1,"A191",NA,2
"A11",24,"A31",NA,3349,NA,NA,4,"A93","A101",4,"A124",NA,"A143",NA,1,"A173",2,"A192",NA,2
"A12",18,"A32","A40",5866,NA,"A73",NA,"A93","A101",2,"A123",NA,NA,NA,2,"A173",1,"A192","A201",1
"A11",36,"A34","A42",2348,"A61","A73",3,"A94","A101",2,"A122",46,NA,"A152",2,"A173",1,"A192","A201",1
"A11",36,"A34",NA,5371,NA,NA,NA,"A93","A103",2,"A122",28,"A143",NA,2,"A173",1,"A191","A201",1
"A14",9,"A34","A46",1244,"A65",NA,4,"A92",NA,4,"A122",NA,"A143","A151",2,"A172",NA,"A191",NA,1
"A14",48,"A34","A49",7629,"A65",NA,4,"A91",NA,2,"A123",NA,NA,NA,2,"A174",NA,"A191","A201",1
"A11",27,"A34","A49",2442,"A61",NA,4,"A93","A101",4,"A123",43,NA,NA,4,"A174",NA,"A192","A201",1
"A11",24,"A34",NA,6615,"A61",NA,2,"A93","A101",4,"A124",NA,NA,NA,2,"A174",1,"A192","A201",1
"A12",24,"A34","A49",2825,"A65","A74",4,"A93",NA,3,"A124",34,NA,NA,2,"A173",NA,"A192",NA,1
"A11",24,"A32","A42",4020,NA,NA,NA,"A93","A101",2,"A123",NA,"A142","A152",1,"A173",NA,"A191","A201",1
"A14",6,"A32","A42",2978,NA,"A73",1,"A93",NA,2,"A123",NA,"A143","A152",1,"A173",1,"A192","A201",1
"A11",12,"A32","A44",741,"A62","A71",4,"A92","A101",3,"A122",NA,NA,"A152",1,"A173",NA,"A191","A201",2
"A14",18,"A32","A42",3422,NA,"A75",4,"A93","A101",4,"A122",47,"A141","A152",3,"A173",2,"A192","A201",1
"A11",18,"A32",NA,1131,NA,NA,NA,"A92","A101",2,"A123",33,NA,NA,1,"A173",NA,"A191","A201",2
"A14",6,"A34","A43",1237,NA,NA,1,"A92",NA,1,"A122",NA,NA,"A152",2,"A173",NA,"A191","A201",1
"A12",12,"A34","A43",3573,"A61",NA,1,"A92",NA,1,"A121",23,NA,NA,1,"A172",NA,"A191",NA,1
"A12",24,"A32","A43",5084,"A65","A75",NA,"A92",NA,4,"A123",42,NA,NA,1,"A173",NA,"A192",NA,1
"A12",36,"A32","A45",2384,"A61","A72",NA,"A93",NA,1,"A124",33,"A143","A151",1,"A172",1,"A191","A201",2
"A14",36,"A34","A41",5842,NA,NA,NA,"A93","A101",2,"A122",35,"A143","A152",2,"A173",NA,"A192",NA,1
"A14",12,"A34","A42",1402,"A63",NA,NA,"A92",NA,4,"A123",NA,NA,NA,1,"A173",NA,"A192",NA,1
"A12",24,"A33","A40",1965,NA,"A73",4,"A92","A101",4,"A123",42,"A143",NA,2,"A173",1,"A192","A201",1
"A11",24,"A32",NA,7721,NA,"A72",1,"A92",NA,2,"A122",30,NA,"A152",1,"A173",1,"A192",NA,1
"A12",9,"A32",NA,1082,NA,NA,NA,"A93",NA,4,"A123",NA,"A143",NA,2,"A172",1,"A191","A201",1
"A14",12,"A34","A49",1185,"A61","A73",3,"A92",NA,2,"A121",NA,NA,NA,2,"A173",1,"A191","A201",1
"A12",7,"A32",NA,2415,NA,"A73",3,"A93","A103",2,"A121",34,NA,NA,1,"A173",1,"A191","A201",1
"A14",6,"A34","A43",1740,"A61",NA,NA,"A94",NA,2,"A121",30,NA,"A151",2,"A173",1,"A191","A201",1
"A14",12,"A32","A42",763,"A61",NA,NA,"A92",NA,1,"A121",26,NA,"A152",1,"A173",NA,"A192",NA,1
"A14",18,"A34","A43",1800,NA,"A73",4,"A93","A101",2,"A123",NA,"A143",NA,2,"A173",NA,"A191",NA,1
"A14",6,"A34",NA,2080,"A63",NA,1,"A94",NA,2,"A123",24,"A143","A152",1,"A173",NA,"A191",NA,1
"A11",18,"A34","A42",1049,NA,NA,NA,"A92",NA,4,"A122",NA,"A143",NA,1,"A173",NA,"A191","A201",1
"A11",18,"A32","A42",3650,"A61",NA,1,"A92","A101",4,"A123",22,"A143",NA,1,"A173",NA,"A191",NA,1
"A14",36,"A34",NA,7127,NA,"A72",NA,"A92",NA,4,"A122",NA,"A143","A151",2,"A173",1,"A192",NA,2
"A11",12,"A32","A42",1620,NA,"A73",2,"A92",NA,3,"A122",30,NA,"A152",1,"A173",1,"A191",NA,1
"A12",48,"A32",NA,3060,NA,"A74",4,"A93","A101",4,"A121",NA,"A143",NA,2,"A173",NA,"A191","A201",2
"A12",24,"A34","A40",3878,"A62","A72",NA,"A91",NA,2,"A123",NA,NA,NA,1,"A173",NA,"A192",NA,1
"A11",18,"A30",NA,3114,NA,"A72",1,"A92","A101",4,"A122",26,NA,NA,1,"A173",1,"A191","A201",2
"A11",18,"A31","A40",1442,"A61","A74",4,"A93","A101",4,"A124",32,"A143","A153",2,"A172",NA,"A191","A201",2
"A14",12,"A32","A43",2073,NA,"A73",4,"A92","A102",2,"A121",NA,"A143","A152",1,"A173",1,"A191","A201",1
"A14",18,"A34",NA,6070,NA,NA,NA,"A93",NA,4,"A123",33,"A143","A152",2,"A173",1,"A192","A201",1
"A12",60,"A33",NA,7418,NA,"A73",1,"A93",NA,1,"A121",27,NA,NA,1,"A172",1,"A191",NA,1
"A14",30,"A33","A49",4272,"A62",NA,2,"A93",NA,2,"A122",NA,NA,NA,2,"A172",1,"A191","A201",1
"A12",12,"A32","A43",2930,NA,NA,NA,"A92","A101",1,"A121",27,"A143","A152",1,"A173",NA,"A191",NA,1
"A14",18,"A32",NA,1533,"A61",NA,4,"A94",NA,1,"A122",NA,NA,NA,1,"A172",2,"A191",NA,2
"A14",24,"A34","A40",1940,"A64","A75",NA,"A93",NA,4,"A121",60,"A143",NA,1,"A173",1,"A192","A201",1
"A14",12,"A34","A46",701,"A61","A73",4,"A93",NA,2,"A123",NA,"A143",NA,2,"A173",NA,"A191",NA,1
"A14",24,"A33","A40",717,"A65","A75",NA,"A94","A101",4,"A123",NA,NA,NA,2,"A173",1,"A192",NA,1
"A13",10,"A32","A42",1275,"A61","A72",4,"A92",NA,2,"A122",23,"A143",NA,1,"A173",NA,"A191","A201",1
"A12",24,"A34",NA,5743,"A61",NA,NA,"A92","A101",4,"A124",NA,"A143",NA,2,"A173",1,"A192",NA,1
"A12",18,"A34",NA,1295,NA,NA,NA,"A92","A101",1,"A122",NA,NA,NA,2,"A173",NA,"A191",NA,1
"A11",24,"A32","A42",3149,NA,NA,NA,"A93",NA,1,"A124",NA,"A141","A153",1,"A173",1,"A191","A201",1
"A12",15,"A31","A40",6850,NA,NA,1,"A93",NA,2,"A122",34,"A143",NA,1,"A174",2,"A192","A201",2
"A11",24,"A32","A41",2812,NA,NA,2,"A92",NA,4,"A121",26,"A143","A151",1,"A173",1,"A191","A201",1
"A11",24,"A32",NA,2910,NA,NA,NA,"A93","A101",1,"A124",34,"A143","A153",1,"A174",NA,"A192","A201",1
"A13",36,"A32","A43",4210,NA,"A73",4,"A93",NA,2,"A123",26,"A143",NA,1,"A173",NA,"A191",NA,2
"A11",12,"A32",NA,1228,NA,NA,4,"A92","A101",2,"A121",NA,"A143",NA,1,"A172",NA,"A191","A201",2
"A11",12,"A32","A42",7865,"A61",NA,NA,"A93","A101",4,"A124",53,"A143","A153",1,"A174",1,"A192",NA,2
"A12",36,"A32","A41",6948,NA,"A73",2,"A93",NA,2,"A123",NA,"A143","A151",1,"A174",NA,"A192",NA,1
"A13",12,"A32","A43",3016,NA,"A73",3,"A94",NA,1,"A123",NA,NA,NA,1,"A173",1,"A191","A201",1
"A14",6,"A31",NA,1750,"A63","A75",2,"A93",NA,4,"A122",45,"A141",NA,1,"A172",2,"A191","A201",1
"A14",12,"A32","A40",640,"A61",NA,NA,"A91","A101",2,"A121",49,"A143","A152",1,"A172",NA,"A191",NA,1
"A14",24,"A34",NA,2197,"A65","A74",4,"A93","A101",4,"A123",43,NA,NA,2,"A173",2,"A192",NA,1
"A14",18,"A34",NA,3229,NA,NA,NA,"A93","A101",4,"A124",NA,NA,"A152",1,"A174",NA,"A192","A201",1
"A13",9,"A30","A43",1337,"A61","A72",NA,"A93","A101",2,"A123",NA,NA,"A152",2,"A174",NA,"A192",NA,2
"A13",10,"A32",NA,1225,NA,NA,NA,"A93",NA,2,"A123",37,NA,"A152",1,"A173",1,"A192",NA,1
"A12",18,"A34",NA,1795,"A61","A75",NA,"A92",NA,4,"A121",48,NA,NA,2,"A172",1,"A192","A201",1
"A14",9,"A32",NA,1449,"A61","A74",NA,"A92","A101",2,"A123",27,NA,NA,2,"A173",1,"A191","A201",1
"A14",12,"A34",NA,926,"A61","A71",NA,"A92","A101",2,"A122",38,"A143","A152",1,"A171",NA,"A191","A201",1
"A13",24,"A34","A40",1344,"A65",NA,4,"A93","A101",2,"A121",NA,NA,NA,2,"A172",NA,"A191","A201",2
"A11",12,"A32","A43",1498,"A61",NA,NA,"A92","A101",1,"A123",NA,NA,NA,1,"A173",1,"A191","A201",1
"A12",36,"A34",NA,2337,"A61",NA,NA,"A93",NA,4,"A121",36,"A143","A152",1,"A173",NA,"A191","A201",1
"A14",12,"A32",NA,4675,NA,NA,NA,"A92",NA,4,"A123",NA,NA,NA,1,"A173",1,"A191",NA,1
"A14",27,"A33","A41",8613,"A64",NA,2,"A93",NA,2,"A123",27,"A143",NA,2,"A173",NA,"A191","A201",1
"A11",18,"A31",NA,1940,"A61",NA,NA,"A93",NA,4,"A124",NA,NA,NA,1,"A174",1,"A192",NA,1
"A14",9,"A32","A40",3577,NA,NA,1,"A93",NA,2,"A121",26,NA,NA,1,"A173",2,"A191","A202",1
"A12",20,"A32","A41",6468,"A65",NA,1,"A91",NA,4,"A121",NA,"A143","A152",1,"A174",NA,"A192",NA,1
"A12",8,"A32",NA,1414,"A61","A73",4,"A93","A103",2,"A121",NA,"A143","A152",1,"A173",NA,"A191",NA,1
"A14",24,"A32",NA,3235,NA,NA,3,"A91","A101",2,"A123",26,"A143","A152",1,"A174",NA,"A192","A201",1
"A11",12,"A31",NA,2149,"A61",NA,4,"A91","A101",1,"A124",NA,"A143","A153",1,"A173",1,"A191","A201",2
"A14",36,"A32",NA,909,NA,NA,4,"A93",NA,4,"A122",NA,NA,NA,1,"A173",NA,"A191",NA,1
"A11",48,"A34","A41",6331,NA,NA,NA,"A93",NA,4,"A124",46,NA,"A153",2,"A173",1,"A192",NA,2
"A11",18,"A32","A40",2249,"A62","A74",NA,"A93",NA,3,"A123",NA,NA,"A152",1,"A174",2,"A192","A201",1
"A12",12,"A34","A40",3124,NA,"A72",1,"A93","A101",3,"A121",NA,"A141",NA,2,"A172",2,"A191","A201",1
"A14",15,"A32","A43",3568,"A61",NA,4,"A92","A101",2,"A123",NA,"A141",NA,1,"A174",1,"A192","A201",1
"A12",12,"A32",NA,836,NA,"A72",4,"A92",NA,2,"A122",23,"A141","A152",1,"A172",NA,"A191","A201",2
"A14",10,"A32",NA,727,"A63","A75",NA,"A93","A101",4,"A124",NA,"A143","A153",1,"A173",1,"A192","A201",1
"A11",42,"A32","A42",7882,NA,"A74",NA,"A93",NA,4,"A122",NA,"A143",NA,1,"A173",2,"A191",NA,1
"A14",42,"A32","A43",7166,"A65",NA,2,"A94","A101",4,"A122",29,"A143","A151",1,"A173",1,"A192","A201",1
"A14",15,"A32","A41",4657,NA,NA,NA,"A93","A101",2,"A123",30,"A143",NA,1,"A173",1,"A192","A201",1
"A14",12,"A34","A43",2331,"A65","A75",NA,"A93","A102",4,"A121",49,"A143","A152",1,"A173",NA,"A192","A201",1
"A13",15,"A32",NA,2687,NA,"A74",NA,"A93","A101",4,"A122",NA,"A143","A151",1,"A173",1,"A192","A201",1
"A12",72,"A32",NA,5595,"A62","A73",NA,"A94","A101",2,"A123",24,"A143",NA,1,"A173",NA,"A191",NA,2
"A11",15,"A32",NA,3959,NA,"A73",3,"A92",NA,2,"A122",NA,NA,NA,1,"A173",1,"A192",NA,2
"A14",24,"A33","A40",2538,NA,"A75",NA,"A93","A101",4,"A123",NA,NA,NA,2,"A172",NA,"A191","A201",2
"A14",24,"A33","A42",4151,"A62",NA,2,"A93",NA,3,"A122",35,"A143",NA,2,"A173",1,"A191","A201",1
"A14",15,"A32","A42",2221,NA,NA,2,"A92",NA,4,"A123",NA,NA,NA,1,"A173",1,"A191",NA,1
"A14",12,"A34",NA,797,NA,"A75",NA,"A92","A101",3,"A122",33,"A141","A152",1,"A172",2,"A191","A201",2
"A12",6,"A32","A43",1068,NA,"A75",4,"A93","A101",4,"A123",28,NA,"A152",1,"A173",NA,"A191",NA,1
"A14",36,"A33","A49",7980,NA,"A72",4,"A93",NA,4,"A123",27,"A143",NA,2,"A173",1,"A192",NA,2
"A13",24,"A32","A42",1925,"A61",NA,2,"A93",NA,2,"A121",26,NA,"A152",1,"A173",NA,"A191",NA,1
"A14",24,"A32","A42",2835,NA,"A75",3,"A93","A101",4,"A122",53,NA,NA,1,"A173",1,"A191","A201",1
"A14",11,"A34","A40",7228,NA,NA,1,"A93","A101",4,"A122",NA,NA,NA,2,"A172",NA,"A191","A201",1
"A11",12,"A32",NA,1372,NA,"A74",NA,"A91","A101",3,"A123",36,"A143","A152",1,"A173",1,"A191","A201",2
"A14",36,"A32","A46",1819,NA,NA,4,"A93",NA,4,"A124",NA,"A142","A153",1,"A173",1,"A192","A201",2
"A11",15,"A32",NA,1275,NA,NA,NA,"A92","A101",2,"A123",NA,NA,"A151",1,"A173",NA,"A191",NA,2
"A14",9,"A32","A44",1236,NA,NA,1,"A92","A101",4,"A121",NA,NA,"A151",1,"A173",NA,"A192","A201",1
"A11",20,"A34","A40",2235,NA,NA,NA,"A94","A103",2,"A122",33,NA,NA,2,"A173",NA,"A191",NA,2
"A11",48,"A32",NA,4788,"A61",NA,NA,"A93",NA,3,"A122",26,NA,NA,1,"A173",2,"A191",NA,1
"A12",45,"A34",NA,4576,"A62","A71",3,"A93",NA,4,"A123",NA,"A143",NA,1,"A173",NA,"A191",NA,1
"A12",12,"A32","A41",2028,"A65","A73",4,"A93","A101",2,"A123",NA,NA,NA,1,"A173",NA,"A191","A201",1
"A12",24,"A33","A49",6967,"A62","A74",NA,"A93",NA,4,"A123",36,NA,"A151",1,"A174",1,"A192","A201",1
"A11",12,"A32",NA,3590,NA,"A73",NA,"A93","A102",2,"A122",NA,NA,"A152",1,"A172",NA,"A191","A201",1
"A14",12,"A32","A43",2279,"A65","A73",4,"A93",NA,4,"A124",37,NA,"A153",1,"A173",NA,"A192","A201",1
"A12",18,"A33",NA,2899,"A65","A75",4,"A93","A101",4,"A123",NA,NA,NA,1,"A173",2,"A191",NA,1
"A13",12,"A33","A40",2247,NA,NA,2,"A92","A101",2,"A123",NA,NA,NA,2,"A173",NA,"A192","A201",1
"A12",11,"A34","A40",1322,NA,"A73",NA,"A92",NA,4,"A123",NA,"A143","A152",2,"A173",NA,"A191",NA,1
"A11",24,"A32",NA,915,NA,NA,NA,"A92",NA,2,"A123",NA,NA,"A152",1,"A173",1,"A191",NA,2
"A14",18,"A34",NA,1864,"A62","A73",4,"A92",NA,2,"A121",30,NA,"A152",2,"A173",NA,"A191",NA,2
"A14",10,"A32",NA,1418,NA,NA,NA,"A93","A101",2,"A121",35,"A143","A151",1,"A172",1,"A191","A202",1
"A14",6,"A32","A41",1236,NA,"A73",2,"A93","A101",4,"A122",50,"A143","A151",1,"A173",1,"A191",NA,1
"A11",30,"A32",NA,3622,"A64","A75",NA,"A92","A101",4,"A122",NA,NA,"A151",2,"A173",NA,"A192",NA,1
"A13",12,"A32",NA,1474,"A61",NA,NA,"A92","A101",1,"A122",NA,"A141","A152",1,"A174",1,"A192",NA,1
"A11",36,"A33","A49",2145,"A61",NA,2,"A93",NA,1,"A123",24,NA,"A152",2,"A173",1,"A192",NA,2
"A14",18,"A32",NA,1505,"A61",NA,4,"A93",NA,2,"A124",32,"A143",NA,1,"A174",NA,"A192",NA,1
"A14",12,"A32","A43",3077,NA,"A73",2,"A93","A101",4,"A123",52,"A143",NA,1,"A173",1,"A192","A201",1
"A12",9,"A32",NA,1206,"A61","A75",NA,"A92","A101",4,"A121",NA,"A143",NA,1,"A173",NA,"A191",NA,1
"A11",24,"A34","A43",1231,NA,"A75",NA,"A92",NA,4,"A122",57,NA,"A151",2,"A174",NA,"A192",NA,1
"A11",24,"A32","A40",1381,"A65",NA,4,"A92","A101",2,"A122",NA,NA,"A152",1,"A173",NA,"A191","A201",2
"A14",10,"A32","A43",1924,"A61",NA,NA,"A93",NA,4,"A122",NA,"A143","A152",1,"A173",1,"A192","A202",1
"A14",12,"A32","A43",776,"A61",NA,NA,"A94","A101",2,"A121",28,NA,NA,1,"A173",1,"A191","A201",1
"A14",6,"A32",NA,2108,NA,"A74",2,"A94",NA,2,"A121",29,NA,"A151",1,"A173",NA,"A191",NA,1
"A11",18,"A32",NA,3509,NA,"A74",NA,"A92",NA,1,"A121",25,NA,NA,1,"A173",1,"A191",NA,1
"A12",9,"A31","A41",5129,"A61",NA,NA,"A92",NA,4,"A124",NA,"A141",NA,1,"A174",2,"A192","A201",2
"A12",15,"A32","A40",2631,"A62",NA,2,"A92","A101",4,"A123",NA,NA,"A151",2,"A173",1,"A192",NA,2
"A14",36,"A34",NA,6304,NA,NA,NA,"A93","A101",4,"A121",36,NA,"A152",2,"A173",1,"A191","A201",1
"A14",15,"A34",NA,3343,"A61",NA,NA,"A93","A101",2,"A124",NA,"A143",NA,1,"A173",NA,"A192","A201",1
"A12",6,"A31","A40",931,NA,NA,1,"A92","A101",1,"A122",NA,NA,"A152",1,"A172",NA,"A191","A201",2
"A14",21,"A34","A42",2288,"A61","A72",NA,"A92",NA,4,"A122",NA,NA,NA,1,"A173",NA,"A192",NA,1
"A14",15,"A32",NA,874,NA,"A72",NA,"A92","A101",1,"A121",NA,NA,NA,1,"A173",NA,"A191",NA,1
"A14",18,"A32",NA,2515,NA,"A73",NA,"A93",NA,4,"A121",NA,"A143",NA,1,"A173",NA,"A192",NA,1
"A12",24,"A32","A40",2718,"A61",NA,NA,"A92","A101",4,"A122",NA,NA,NA,1,"A172",NA,"A192","A201",2
"A14",18,"A34","A40",1055,"A61","A72",4,"A92",NA,1,"A122",30,NA,"A152",2,"A173",1,"A191","A201",1
"A11",12,"A31",NA,339,"A61","A75",NA,"A94",NA,1,"A123",NA,NA,NA,1,"A172",NA,"A191",NA,1
"A13",6,"A34",NA,1323,NA,"A75",NA,"A91",NA,4,"A123",28,"A143","A152",2,"A173",NA,"A192","A201",1
"A14",9,"A32","A43",1478,NA,NA,4,"A93",NA,2,"A123",22,"A143","A152",1,"A173",NA,"A191",NA,2
"A12",6,"A32","A43",368,"A65",NA,4,"A93","A101",4,"A122",38,"A143",NA,1,"A173",1,"A191",NA,1
"A14",36,"A34","A41",11054,NA,"A73",4,"A93","A101",2,"A123",NA,"A143",NA,1,"A174",1,"A192",NA,1
"A12",20,"A33",NA,7057,"A65",NA,3,"A93","A101",4,"A122",36,NA,NA,2,"A174",NA,"A192",NA,1
"A13",18,"A31",NA,1445,"A65","A74",NA,"A93","A101",4,"A123",49,"A141","A152",1,"A172",1,"A191","A201",1
"A12",36,"A32",NA,2323,"A61",NA,NA,"A93","A101",4,"A123",24,"A143",NA,1,"A173",NA,"A191","A201",1
"A14",36,"A33",NA,10875,NA,NA,NA,"A93","A101",2,"A123",45,NA,NA,2,"A173",NA,"A192",NA,1
"A12",18,"A30",NA,3244,"A61","A73",NA,"A92",NA,4,"A123",33,NA,"A152",2,"A173",1,"A192",NA,1
"A11",15,"A34",NA,1433,"A61","A73",4,"A92",NA,3,"A122",25,NA,NA,2,"A173",1,"A191","A201",1
"A12",15,"A31","A40",1264,NA,NA,NA,"A94",NA,2,"A122",NA,"A143",NA,1,"A173",NA,"A191",NA,2
"A12",18,"A32","A46",1239,NA,NA,NA,"A93",NA,4,"A124",NA,NA,"A153",1,"A173",1,"A191","A201",1
"A14",24,"A34","A43",1851,"A61",NA,4,"A94","A103",2,"A123",NA,NA,"A152",2,"A173",NA,"A192",NA,1
"A14",24,"A34",NA,3777,"A64",NA,4,"A93","A101",4,"A121",NA,NA,"A152",1,"A173",NA,"A192",NA,1
"A12",48,"A30","A40",8358,"A63",NA,NA,"A92",NA,1,"A123",30,NA,NA,2,"A173",1,"A191",NA,1
"A11",18,"A32","A40",4380,NA,"A73",NA,"A93","A101",4,"A123",NA,"A143",NA,1,"A172",NA,"A192",NA,1
"A14",11,"A34","A40",1393,NA,NA,4,"A92",NA,4,"A123",NA,NA,"A152",2,"A174",1,"A191","A201",1
"A14",18,"A34","A43",1582,NA,"A75",4,"A93",NA,4,"A123",46,"A143","A152",2,"A173",NA,"A191","A201",1
"A12",24,"A33","A49",4712,"A65",NA,NA,"A93","A101",2,"A122",37,"A141",NA,2,"A174",NA,"A192","A201",1
"A14",6,"A34",NA,362,"A62",NA,NA,"A92","A101",4,"A123",NA,"A143",NA,2,"A172",1,"A191",NA,1
"A11",18,"A31","A42",1553,NA,"A73",NA,"A93",NA,3,"A123",NA,NA,"A152",1,"A173",1,"A191",NA,2
"A12",15,"A32","A43",802,"A61","A75",4,"A93",NA,3,"A123",37,"A143",NA,1,"A173",NA,"A191","A201",2
"A12",18,"A32","A49",4439,NA,"A75",NA,"A93",NA,1,"A121",NA,"A141","A152",1,"A174",NA,"A192","A201",1
"A12",9,"A32","A46",1199,"A61",NA,NA,"A92",NA,4,"A122",67,NA,"A152",2,"A174",NA,"A192","A201",1
"A14",60,"A32",NA,6527,NA,"A73",NA,"A93","A101",4,"A124",34,"A143","A153",1,"A173",2,"A192","A201",1
"A14",36,"A32","A49",7409,NA,"A75",3,"A93",NA,2,"A122",NA,NA,NA,2,"A173",NA,"A191",NA,1
"A11",36,"A32","A42",3446,"A61",NA,4,"A93",NA,2,"A123",42,NA,NA,1,"A173",NA,"A191",NA,2
"A11",15,"A32",NA,1403,NA,NA,NA,"A92","A101",4,"A123",NA,"A143","A151",1,"A173",NA,"A191","A201",1
"A11",21,"A34","A40",571,NA,NA,NA,"A93",NA,4,"A121",65,"A143",NA,2,"A173",1,"A191","A201",1
"A14",12,"A31",NA,3447,NA,NA,4,"A92","A101",3,"A121",NA,NA,NA,1,"A172",NA,"A191",NA,1
"A11",24,"A30","A42",4110,NA,"A75",3,"A93","A101",4,"A124",23,NA,"A151",2,"A173",NA,"A191",NA,2
"A12",60,"A31","A410",14782,"A62","A75",NA,"A92",NA,4,"A124",NA,"A141","A153",2,"A174",1,"A192","A201",2
"A14",18,"A34",NA,1530,"A61",NA,3,"A93","A101",2,"A122",32,NA,NA,2,"A173",1,"A191",NA,2
"A11",12,"A32",NA,1262,"A65",NA,NA,"A91",NA,4,"A122",NA,"A143","A152",1,"A172",NA,"A192","A201",1
"A13",18,"A32",NA,2864,NA,NA,NA,"A93",NA,1,"A121",NA,"A143",NA,1,"A172",NA,"A191",NA,2
"A14",18,"A32","A40",1820,"A61",NA,NA,"A94",NA,2,"A122",NA,"A143","A152",1,"A174",1,"A192",NA,1
"A12",36,"A33",NA,2225,NA,"A75",4,"A93",NA,4,"A124",NA,"A141",NA,2,"A173",1,"A192",NA,2
"A14",30,"A34",NA,5954,"A61","A74",NA,"A93",NA,2,"A123",38,NA,NA,1,"A173",1,"A191",NA,1
"A11",21,"A32","A42",3599,NA,NA,NA,"A92","A101",4,"A123",NA,"A143",NA,1,"A172",1,"A191","A201",1
"A11",24,"A32",NA,3123,NA,"A72",NA,"A92",NA,1,"A122",27,"A143","A152",1,"A173",NA,"A191","A201",2
"A12",6,"A33",NA,1209,"A61",NA,4,"A93",NA,4,"A122",NA,"A143","A152",1,"A174",1,"A192","A201",2
"A12",36,"A33",NA,2862,NA,"A75",NA,"A93","A101",3,"A124",NA,NA,NA,1,"A173",NA,"A191",NA,1
"A12",24,"A32",NA,3512,NA,"A74",2,"A93","A101",3,"A123",NA,"A141","A152",2,"A173",NA,"A192",NA,1
"A11",12,"A32",NA,3386,"A61",NA,3,"A93",NA,4,"A124",35,NA,"A153",1,"A173",NA,"A192","A201",2
"A14",6,"A30","A40",1204,"A62","A73",NA,"A93",NA,1,"A124",NA,"A141","A151",1,"A173",1,"A191","A202",1
"A14",10,"A32","A41",2848,NA,NA,1,"A93",NA,2,"A121",32,NA,NA,1,"A173",2,"A191","A201",1
"A12",24,"A32","A43",1967,"A61","A75",4,"A92",NA,4,"A123",NA,"A143","A152",1,"A173",NA,"A192",NA,1
"A12",24,"A32","A40",1246,"A61",NA,4,"A93","A101",2,"A121",NA,NA,"A152",1,"A172",NA,"A191","A201",2
"A12",24,"A33",NA,2064,NA,NA,NA,"A92","A101",2,"A122",34,"A143",NA,1,"A174",NA,"A192","A201",2
"A11",18,"A32",NA,1216,"A61",NA,NA,"A92",NA,3,"A123",NA,NA,"A151",1,"A173",1,"A192",NA,2
"A11",14,"A32",NA,3973,"A61","A71",NA,"A93",NA,4,"A124",NA,"A143",NA,1,"A173",1,"A191","A201",1
"A14",24,"A32",NA,3757,"A61","A75",NA,"A92","A102",4,"A124",NA,"A143","A153",1,"A173",1,"A192",NA,1
"A11",30,"A30",NA,8072,"A65","A72",2,"A93",NA,3,"A123",25,"A141","A152",3,"A173",NA,"A191",NA,1
"A12",9,"A32","A43",1670,NA,"A72",NA,"A92",NA,2,"A123",22,NA,NA,1,"A173",NA,"A192","A201",2
"A12",26,"A32","A41",7966,"A61",NA,NA,"A93",NA,3,"A123",30,NA,NA,2,"A173",1,"A191","A201",1
"A14",12,"A32","A43",707,"A61","A73",NA,"A93","A101",2,"A121",NA,NA,NA,2,"A173",NA,"A191",NA,1
"A14",24,"A32","A41",7814,"A61","A74",NA,"A93","A101",3,"A123",38,NA,"A152",1,"A174",NA,"A192","A201",1
"A14",33,"A33",NA,2764,NA,"A73",2,"A92","A101",2,"A123",26,NA,NA,2,"A173",1,"A192",NA,1
"A14",30,"A32","A41",4811,NA,"A74",2,"A92","A101",4,"A122",24,NA,NA,1,"A172",NA,"A191","A201",1
"A14",9,"A34","A46",936,"A63","A75",NA,"A93",NA,2,"A123",52,"A143",NA,2,"A173",NA,"A192",NA,1
"A11",18,"A32","A41",7511,"A65",NA,NA,"A93",NA,4,"A122",NA,NA,NA,1,"A173",NA,"A192",NA,2
"A11",24,"A32",NA,3021,NA,"A73",NA,"A91","A101",2,"A121",24,"A143","A151",1,"A172",NA,"A191",NA,1
"A11",12,"A32",NA,1657,NA,NA,NA,"A93","A101",2,"A121",NA,NA,NA,1,"A173",NA,"A191","A201",1
"A14",36,"A34",NA,3535,NA,"A74",NA,"A93",NA,4,"A123",37,"A143",NA,2,"A173",NA,"A192",NA,1
"A14",12,"A34","A46",2096,"A61","A74",2,"A93",NA,3,"A121",NA,NA,"A152",1,"A172",2,"A191",NA,1
"A14",9,"A32","A43",2697,NA,NA,1,"A93","A101",2,"A121",32,"A143",NA,1,"A173",2,"A191","A201",1
"A14",24,"A34",NA,6842,NA,"A73",2,"A93","A101",4,"A122",46,"A143","A152",2,"A174",2,"A192","A201",1
"A11",12,"A32",NA,2577,"A61",NA,2,"A91","A101",1,"A123",42,"A143",NA,1,"A173",NA,"A191",NA,1
"A12",20,"A30",NA,6148,"A62",NA,3,"A94","A101",4,"A123",31,"A141",NA,2,"A173",1,"A192",NA,1
"A12",12,"A32",NA,1318,NA,NA,4,"A93","A101",4,"A121",54,"A143",NA,1,"A173",1,"A192",NA,1
"A11",12,"A34","A40",691,NA,NA,4,"A93","A101",3,"A122",35,NA,NA,2,"A173",NA,"A191","A201",2
"A12",15,"A34",NA,1537,"A65","A75",4,"A93","A103",4,"A121",50,"A143",NA,2,"A173",NA,"A192","A201",1
"A11",12,"A32",NA,727,NA,NA,4,"A94",NA,3,"A124",NA,NA,"A152",1,"A172",1,"A192",NA,2
"A12",24,"A32","A43",3758,NA,"A71",1,"A92","A101",4,"A124",23,"A143",NA,1,"A171",NA,"A191","A201",1
"A12",12,"A32",NA,2762,"A65",NA,NA,"A92","A101",2,"A122",NA,NA,NA,1,"A173",1,"A192",NA,2
"A12",30,"A32",NA,3441,NA,"A73",2,"A92","A102",4,"A123",NA,NA,NA,1,"A173",NA,"A191","A201",2
"A14",24,"A32","A40",1393,"A61",NA,NA,"A93","A103",2,"A121",31,NA,NA,1,"A173",1,"A192","A201",1
"A12",36,"A32","A43",2671,NA,NA,NA,"A92","A102",4,"A124",50,"A143",NA,1,"A173",1,"A191","A201",2
"A11",12,"A32",NA,1282,"A61","A73",2,"A92",NA,4,"A123",20,NA,NA,1,"A173",NA,"A191","A201",2
"A11",36,"A32",NA,8335,"A65",NA,NA,"A93","A101",4,"A124",NA,"A143","A153",1,"A173",1,"A191","A201",2
"A14",24,"A33","A41",4679,"A61","A74",3,"A93","A101",3,"A123",35,NA,NA,2,"A172",1,"A192",NA,1
"A12",6,"A32",NA,590,NA,"A72",NA,"A94",NA,3,"A121",NA,NA,"A152",1,"A172",NA,"A191","A202",1
"A12",18,"A34",NA,3590,"A61","A71",3,"A94","A101",3,"A123",NA,"A143","A152",3,"A171",NA,"A192","A201",1
"A14",18,"A32","A43",1453,NA,NA,3,"A92","A101",1,"A121",NA,"A143",NA,1,"A173",NA,"A191","A201",1
"A14",9,"A34","A40",2134,NA,"A73",NA,"A93","A101",4,"A123",48,NA,NA,3,"A173",NA,"A192",NA,1
"A14",48,"A32",NA,10222,NA,NA,NA,"A93","A101",3,"A123",NA,"A142","A152",1,"A173",1,"A192",NA,1
"A14",10,"A32",NA,2210,"A61","A73",NA,"A93","A101",2,"A121",25,"A141",NA,1,"A172",NA,"A191","A201",2
"A13",30,"A34","A43",3017,"A61","A75",4,"A93","A101",4,"A122",47,"A143","A152",1,"A173",NA,"A191","A201",1
"A14",6,"A32","A43",1595,"A61",NA,NA,"A93",NA,2,"A122",51,"A143",NA,1,"A173",2,"A191",NA,1
"A14",36,"A34",NA,10477,NA,NA,2,"A93","A101",4,"A124",NA,NA,"A153",2,"A173",1,"A191","A201",1
"A12",6,"A32","A43",2063,"A61","A72",4,"A94",NA,3,"A123",30,NA,"A151",1,"A174",NA,"A192",NA,1
"A11",24,"A32","A42",2996,"A65",NA,2,"A94","A101",4,"A123",NA,"A143","A152",1,"A173",1,"A191",NA,2
"A14",18,"A32",NA,1984,NA,"A73",NA,"A93",NA,4,"A124",NA,"A141",NA,2,"A173",1,"A191","A201",1
"A12",24,"A32",NA,4057,"A61",NA,3,"A91","A101",3,"A123",43,"A143",NA,1,"A173",NA,"A192","A201",2
"A13",24,"A34","A49",1275,"A64","A73",NA,"A91","A101",4,"A121",NA,"A143",NA,2,"A173",NA,"A192","A201",1
"A12",12,"A32",NA,1155,NA,NA,3,"A94","A103",3,"A121",40,"A141","A152",2,"A172",1,"A191",NA,1
"A11",10,"A34",NA,1038,"A61","A74",NA,"A93","A102",3,"A122",NA,NA,"A152",2,"A173",NA,"A192",NA,1
"A14",24,"A31","A49",1559,"A61",NA,NA,"A93","A101",4,"A123",NA,"A141",NA,1,"A173",NA,"A192","A201",1
"A11",24,"A32","A410",1755,NA,NA,NA,"A92",NA,4,"A121",58,NA,NA,1,"A172",1,"A192","A201",1
"A11",24,"A32",NA,1747,NA,NA,NA,"A93","A102",1,"A122",NA,NA,NA,1,"A172",NA,"A191","A202",1
"A12",36,"A32",NA,9398,"A61","A72",NA,"A94","A101",4,"A123",NA,NA,NA,1,"A174",NA,"A192",NA,2
"A14",15,"A32","A46",4623,"A62",NA,3,"A93",NA,2,"A122",NA,NA,NA,1,"A174",NA,"A192",NA,2
"A14",48,"A34",NA,10127,"A63",NA,2,"A93","A101",2,"A124",44,"A141","A153",1,"A173",1,"A191","A201",2
"A12",24,"A34","A43",1743,"A61","A75",NA,"A93","A101",2,"A122",NA,"A143","A152",2,"A172",NA,"A191","A201",1
"A11",18,"A34",NA,1190,NA,NA,2,"A92",NA,4,"A124",55,NA,"A153",3,"A171",2,"A191","A201",2
"A12",7,"A32",NA,2576,NA,NA,NA,"A93",NA,2,"A121",35,"A143",NA,1,"A173",NA,"A191",NA,1
"A14",24,"A34",NA,2058,"A61","A73",NA,"A91",NA,2,"A121",NA,"A143","A152",2,"A173",NA,"A192",NA,1
"A11",42,"A32",NA,7174,"A65",NA,4,"A92",NA,3,"A123",30,"A143","A152",1,"A174",1,"A192","A201",2
"A14",60,"A33",NA,15653,NA,"A74",2,"A93","A101",4,"A123",21,"A143","A152",2,"A173",NA,"A192","A201",1
"A11",42,"A32","A43",3965,"A61","A72",NA,"A93","A101",3,"A123",NA,NA,"A152",1,"A173",1,"A191","A201",2
"A12",18,"A34",NA,1056,"A61",NA,3,"A93","A103",3,"A121",NA,NA,"A152",2,"A173",1,"A191",NA,2
"A14",4,"A34","A43",1503,"A61",NA,NA,"A93",NA,1,"A121",NA,"A143","A152",2,"A172",NA,"A191",NA,1
"A14",21,"A32",NA,2241,"A61",NA,4,"A93","A101",2,"A121",NA,NA,"A152",2,"A173",NA,"A191",NA,1
"A14",6,"A32","A40",672,NA,"A71",1,"A92",NA,4,"A121",54,NA,NA,1,"A171",NA,"A192",NA,1
"A12",48,"A30","A49",12204,"A65",NA,NA,"A93",NA,2,"A123",48,"A141","A152",1,"A174",1,"A192",NA,1
"A14",27,"A34","A42",4526,NA,"A72",4,"A93","A101",2,"A121",NA,NA,"A152",2,"A172",NA,"A192",NA,1
"A11",24,"A32","A40",1207,"A61","A72",NA,"A92",NA,4,"A122",24,"A143","A151",1,"A173",NA,"A191","A201",2
"A11",10,"A34","A40",2241,NA,"A72",1,"A93","A101",3,"A121",NA,NA,NA,2,"A172",NA,"A191","A202",1
"A14",12,"A34","A42",1592,NA,"A74",NA,"A92","A101",2,"A122",35,"A143","A152",1,"A173",1,"A191",NA,1
"A12",9,"A34","A43",1154,"A61","A75",2,"A93",NA,4,"A121",37,NA,NA,3,"A172",1,"A191","A201",1
"A11",12,"A32",NA,2214,"A61","A73",4,"A93","A101",3,"A122",24,NA,NA,1,"A172",1,"A191",NA,1
"A13",36,"A32","A43",4473,"A61",NA,4,"A93","A101",2,"A123",NA,"A143","A152",1,"A173",1,"A191","A201",1
"A12",9,"A32","A49",1391,"A61","A73",2,"A94","A101",1,"A121",NA,"A141","A152",1,"A173",1,"A192","A201",1
"A11",48,"A30",NA,7119,NA,"A73",3,"A93",NA,4,"A124",NA,"A143","A153",2,"A173",2,"A191",NA,2
"A14",21,"A32",NA,1572,NA,NA,4,"A92","A101",4,"A121",36,NA,"A152",1,"A172",NA,"A191","A201",1
"A11",6,"A34",NA,609,"A61",NA,NA,"A92",NA,3,"A122",37,"A143",NA,2,"A173",NA,"A191",NA,1
"A12",15,"A32","A45",1514,NA,"A73",4,"A93","A103",2,"A121",22,NA,NA,1,"A173",NA,"A191",NA,1
"A14",24,"A34","A43",2424,NA,NA,NA,"A93",NA,4,"A122",NA,NA,"A152",2,"A173",1,"A191",NA,1
"A14",12,"A34","A43",1240,"A65","A75",NA,"A92","A101",2,"A121",NA,NA,NA,2,"A173",NA,"A192","A201",1
"A14",18,"A32",NA,2662,"A65",NA,4,"A93","A101",3,"A122",NA,"A143",NA,1,"A173",NA,"A191","A202",1
"A14",9,"A32",NA,2301,"A62","A72",NA,"A92","A101",4,"A122",22,"A143","A151",1,"A173",1,"A191","A201",1
"A11",9,"A32","A42",2136,NA,NA,NA,"A93","A101",2,"A121",25,"A143","A152",1,"A173",1,"A191",NA,1
"A12",48,"A31","A49",3566,NA,"A74",4,"A93",NA,2,"A123",NA,"A143","A152",1,"A173",NA,"A191",NA,1
"A13",15,"A32",NA,1905,"A61",NA,NA,"A93","A101",4,"A123",40,"A143",NA,1,"A174",1,"A192","A201",1
"A12",15,"A30","A40",1778,NA,NA,NA,"A92",NA,1,"A121",26,"A143","A151",2,"A171",NA,"A191",NA,2
"A14",36,"A32","A49",5742,"A62","A74",2,"A93","A101",2,"A123",NA,"A143","A152",2,"A173",NA,"A192",NA,1
"A12",27,"A32","A49",3915,"A61",NA,NA,"A93",NA,2,"A123",36,"A143",NA,1,"A173",2,"A192",NA,2
"A12",60,"A33",NA,9157,NA,"A73",2,"A93","A101",2,"A124",NA,NA,NA,1,"A174",1,"A191","A201",1
"A14",30,"A34","A43",2831,NA,NA,NA,"A92","A101",2,"A123",NA,NA,"A152",1,"A173",1,"A192","A201",1
"A12",36,"A32",NA,2273,"A61","A74",NA,"A93",NA,1,"A123",32,"A143","A152",2,"A173",NA,"A191","A201",1
"A11",6,"A32","A43",2647,"A63",NA,NA,"A93",NA,3,"A121",NA,NA,"A151",1,"A173",NA,"A191",NA,1
"A14",48,"A34","A41",11590,"A62","A73",2,"A92","A101",4,"A123",NA,"A141",NA,2,"A172",1,"A191",NA,2
"A11",6,"A32",NA,428,"A61","A75",2,"A92","A101",1,"A122",49,"A141","A152",1,"A173",1,"A192","A201",1
"A11",33,"A34","A42",4281,"A63",NA,1,"A92",NA,4,"A123",23,"A143","A152",2,"A173",1,"A191","A201",2
"A14",18,"A32",NA,1473,NA,NA,NA,"A94",NA,4,"A121",NA,NA,NA,1,"A173",1,"A192",NA,1
"A12",27,"A33",NA,5965,"A61","A75",1,"A93","A101",2,"A123",30,"A143",NA,2,"A174",1,"A192",NA,1
"A12",21,"A34",NA,2745,"A64",NA,NA,"A93",NA,2,"A123",NA,NA,"A152",2,"A173",NA,"A192",NA,1
"A13",6,"A33",NA,683,"A61",NA,NA,"A92","A101",1,"A122",NA,"A141","A152",1,"A173",NA,"A191","A201",1
"A11",16,"A34",NA,2625,"A61","A75",2,"A93","A103",4,"A122",NA,NA,NA,1,"A173",1,"A192",NA,2
"A12",36,"A32","A40",12389,NA,"A73",NA,"A93","A101",4,"A124",NA,NA,NA,1,"A173",NA,"A192","A201",2
"A14",15,"A32",NA,1213,"A63","A75",4,"A93","A101",3,"A122",47,"A142",NA,1,"A173",1,"A192","A201",1
"A12",48,"A32",NA,5951,NA,NA,NA,"A92","A101",2,"A121",NA,"A143","A152",1,"A173",NA,"A191","A201",2
"A12",9,"A31",NA,1437,NA,NA,NA,"A93","A101",3,"A124",29,"A143","A152",1,"A173",1,"A191",NA,2
"A13",12,"A32","A43",1881,"A61",NA,NA,"A92","A101",2,"A123",44,"A143",NA,1,"A172",1,"A192",NA,1
"A14",15,"A32","A40",3186,NA,NA,NA,"A92","A101",3,"A123",20,NA,"A151",1,"A173",1,"A191",NA,1
"A11",24,"A32",NA,2924,"A61","A73",3,"A93",NA,4,"A124",NA,"A141","A152",1,"A173",NA,"A192","A201",1
"A11",10,"A34",NA,2132,NA,NA,NA,"A92",NA,3,"A121",27,"A143",NA,2,"A173",NA,"A191","A202",1
"A11",18,"A32",NA,2600,"A61","A73",4,"A93",NA,4,"A124",NA,NA,NA,2,"A173",NA,"A191","A201",2
"A11",36,"A32","A46",1977,"A65",NA,NA,"A93","A101",4,"A124",NA,"A143",NA,1,"A174",NA,"A192",NA,2
"A12",24,"A32",NA,2896,"A62","A72",2,"A93","A101",1,"A123",29,"A143",NA,1,"A173",1,"A191",NA,1
"A12",48,"A31",NA,12169,NA,NA,4,"A93",NA,4,"A124",NA,NA,NA,1,"A174",1,"A192",NA,1
"A12",6,"A34",NA,932,"A65","A74",NA,"A92",NA,3,"A122",NA,"A143","A152",2,"A172",1,"A191",NA,1
"A14",21,"A33","A42",1591,"A62",NA,NA,"A93","A101",3,"A121",NA,"A143","A152",2,"A174",1,"A191","A201",1
"A12",30,"A34",NA,2181,"A65",NA,NA,"A93",NA,4,"A121",NA,"A143",NA,2,"A173",1,"A191",NA,1
"A12",24,"A34",NA,4736,"A61",NA,2,"A92","A101",4,"A123",NA,NA,"A152",1,"A172",1,"A191","A201",2
"A11",21,"A32",NA,2606,"A61",NA,NA,"A92","A101",4,"A122",28,"A143",NA,1,"A174",NA,"A192",NA,1
"A12",24,"A32",NA,2039,NA,NA,1,"A94",NA,1,"A122",NA,"A143","A152",1,"A173",NA,"A192","A201",2
"A14",48,"A32",NA,4844,"A61","A71",NA,"A93","A101",2,"A123",NA,"A141","A151",1,"A174",NA,"A192",NA,2
"A11",6,"A34",NA,1872,"A61","A71",4,"A93",NA,4,"A124",36,NA,NA,3,"A174",NA,"A192",NA,1
"A13",42,"A30","A49",6289,"A61",NA,NA,"A91",NA,1,"A122",33,"A143",NA,2,"A173",1,"A191",NA,1
"A11",12,"A33","A40",1344,"A61",NA,4,"A93",NA,2,"A121",NA,"A143","A152",2,"A172",NA,"A191","A201",1
"A11",6,"A32","A40",662,NA,NA,3,"A93","A101",4,"A121",NA,"A143",NA,1,"A172",NA,"A192","A201",1
"A12",36,"A32",NA,9034,"A62",NA,4,"A93","A102",1,"A124",29,NA,NA,1,"A174",1,"A192","A201",2
"A12",12,"A32","A40",1223,"A61","A75",NA,"A91","A101",1,"A121",46,NA,"A151",2,"A173",NA,"A191","A201",2
"A11",24,"A32",NA,1987,NA,"A73",NA,"A93","A101",4,"A121",21,NA,NA,1,"A172",2,"A191",NA,2
"A14",24,"A34","A43",5103,NA,"A72",NA,"A94",NA,3,"A124",47,"A143","A153",3,"A173",1,"A192","A201",1
"A14",36,"A32","A43",2394,NA,NA,NA,"A92",NA,4,"A123",25,"A143","A152",1,"A173",NA,"A191","A201",1
"A14",18,"A32","A43",2051,"A61","A72",4,"A93",NA,1,"A121",NA,NA,"A152",1,"A173",1,"A191",NA,1
"A11",36,"A33","A46",6887,"A61",NA,NA,"A93","A101",3,"A122",29,"A142",NA,1,"A173",1,"A192",NA,2
"A14",12,"A34",NA,1935,NA,"A75",4,"A93","A101",4,"A121",43,"A143","A152",3,"A173",1,"A192",NA,1
"A13",18,"A32","A42",3049,NA,NA,NA,"A92","A101",1,"A122",45,NA,"A152",1,"A172",NA,"A191",NA,1
"A11",12,"A32","A43",1680,NA,"A75",3,"A94",NA,1,"A121",35,"A143","A152",1,"A173",1,"A191","A201",1
"A11",12,"A32",NA,795,NA,"A72",NA,"A92","A101",4,"A122",NA,NA,"A152",1,"A173",NA,"A191","A201",2
"A14",24,"A32","A41",2603,"A64",NA,2,"A92","A101",4,"A123",28,NA,NA,1,"A173",1,"A192",NA,1
"A11",30,"A32","A43",2522,"A61","A75",NA,"A93","A103",3,"A122",39,NA,"A152",1,"A173",NA,"A191",NA,1
"A13",36,"A32","A43",3913,"A61","A73",2,"A93",NA,2,"A121",23,"A143",NA,1,"A173",1,"A192","A201",1
"A11",48,"A32",NA,6758,"A61","A73",3,"A92",NA,2,"A123",NA,"A143","A152",1,"A173",NA,"A192","A201",2
"A12",21,"A33","A40",2353,"A61","A73",1,"A91",NA,4,"A122",47,NA,NA,2,"A173",NA,"A191",NA,1
"A14",18,"A33","A42",1808,"A61",NA,NA,"A92","A101",1,"A121",22,"A143","A152",1,"A173",NA,"A191",NA,2
"A11",30,"A32",NA,3108,"A61",NA,2,"A91",NA,4,"A122",NA,"A143",NA,1,"A172",NA,"A191",NA,2
"A12",60,"A32",NA,6288,"A61","A73",4,"A93","A101",4,"A124",NA,NA,"A153",1,"A173",NA,"A191",NA,2
"A14",12,"A34",NA,717,"A61","A75",4,"A93","A101",4,"A121",NA,NA,"A152",3,"A173",1,"A191","A201",1
"A12",18,"A32",NA,1924,NA,NA,NA,"A92","A101",3,"A121",NA,"A143","A151",1,"A173",NA,"A191","A201",2
"A12",30,"A30",NA,4221,NA,NA,NA,"A92",NA,1,"A123",NA,"A143",NA,2,"A173",1,"A191",NA,1
"A12",8,"A32",NA,760,"A61","A74",4,"A92",NA,2,"A121",NA,NA,NA,1,"A172",1,"A191",NA,1
"A12",12,"A32","A43",1092,"A61","A73",4,"A92","A103",4,"A121",NA,"A143",NA,2,"A173",1,"A192",NA,1
"A11",15,"A34","A42",1478,NA,"A75",NA,"A93",NA,4,"A123",44,NA,"A152",2,"A173",2,"A192",NA,1
"A11",60,"A33",NA,6836,"A61",NA,NA,"A93","A101",4,"A124",NA,"A143","A152",2,"A173",NA,"A192",NA,2
"A13",21,"A32","A40",2923,NA,NA,NA,"A92",NA,1,"A123",28,"A141","A152",1,"A174",NA,"A192",NA,1
"A14",9,"A32",NA,3832,NA,NA,NA,"A93",NA,4,"A121",64,NA,"A152",1,"A172",1,"A191",NA,1
"A12",12,"A34",NA,1995,NA,"A72",4,"A93",NA,1,"A123",27,NA,NA,1,"A173",NA,"A191",NA,1
"A14",10,"A34","A42",2146,"A61","A72",NA,"A92","A101",3,"A121",NA,NA,"A151",2,"A173",NA,"A191","A201",1
"A14",10,"A32",NA,1546,NA,"A73",NA,"A93","A101",2,"A121",31,"A143",NA,1,"A172",2,"A191",NA,1
"A11",42,"A33",NA,4370,NA,NA,3,"A93",NA,2,"A122",NA,NA,"A152",2,"A173",2,"A192","A201",2
"A11",12,"A32","A42",708,NA,NA,2,"A93","A103",3,"A122",38,"A143","A152",1,"A172",NA,"A191","A201",1
"A12",18,"A33",NA,4297,NA,"A75",4,"A91",NA,3,"A124",40,NA,NA,1,"A174",1,"A192",NA,2
"A12",18,"A32","A40",6260,"A61","A74",NA,"A93","A101",3,"A121",NA,"A143","A151",1,"A172",1,"A191",NA,1
"A14",12,"A34","A42",5801,"A65",NA,NA,"A93",NA,4,"A122",49,NA,NA,1,"A173",NA,"A192","A201",1
"A14",24,"A32",NA,1376,"A63","A74",NA,"A92","A101",1,"A123",NA,NA,NA,1,"A173",1,"A191","A201",1
"A12",18,"A34",NA,6361,NA,NA,2,"A93","A101",1,"A124",41,"A143","A152",1,"A173",NA,"A192",NA,1
"A12",18,"A34","A42",3612,NA,NA,3,"A92",NA,4,"A122",NA,NA,NA,1,"A173",NA,"A192","A201",1
"A14",18,"A34",NA,1028,NA,"A73",4,"A92","A101",3,"A121",NA,NA,NA,2,"A173",1,"A191",NA,1
"A12",24,"A32",NA,12579,"A61",NA,4,"A92","A101",2,"A124",NA,NA,"A153",1,"A174",1,"A192",NA,2
"A11",24,"A31",NA,1193,NA,NA,NA,"A92","A102",4,"A124",29,NA,"A151",2,"A171",NA,"A191","A201",2
"A13",4,"A32","A40",1494,NA,NA,NA,"A93",NA,2,"A121",NA,"A143","A152",1,"A172",2,"A191",NA,1
"A12",36,"A31",NA,3990,"A65","A72",3,"A92",NA,2,"A124",NA,"A141",NA,1,"A171",1,"A191","A201",1
"A12",30,"A33",NA,2503,"A62","A75",NA,"A93","A101",2,"A122",41,"A142","A152",2,"A173",NA,"A191",NA,1
"A14",24,"A34","A43",2578,"A64",NA,2,"A93",NA,2,"A123",34,NA,"A152",1,"A173",NA,"A191",NA,1
"A11",12,"A34","A40",3499,NA,"A73",3,"A92",NA,2,"A121",NA,"A143",NA,2,"A173",1,"A191",NA,2
"A14",36,"A32","A40",3079,NA,NA,4,"A93","A101",4,"A121",NA,"A143",NA,1,"A173",NA,"A191",NA,1
"A11",12,"A32","A40",1168,"A61","A73",NA,"A94",NA,3,"A121",27,NA,"A152",1,"A172",1,"A191",NA,1
"A11",12,"A34","A41",1409,"A61",NA,NA,"A93","A101",3,"A121",NA,NA,NA,1,"A173",NA,"A191","A201",1
"A12",45,"A34","A43",4746,"A61","A72",4,"A93","A101",2,"A122",25,"A143",NA,2,"A172",NA,"A191","A201",2
"A11",24,"A31","A42",6872,NA,"A72",2,"A91","A101",1,"A122",NA,NA,"A152",1,"A173",1,"A192",NA,2
"A12",12,"A32","A40",7472,"A65",NA,1,"A92","A101",2,"A121",24,"A143","A151",1,"A171",1,"A191",NA,1
"A14",30,"A34",NA,4530,NA,"A74",NA,"A92",NA,4,"A123",NA,NA,"A151",1,"A174",NA,"A192",NA,1
"A13",24,"A32",NA,1377,"A62",NA,4,"A92","A101",2,"A124",47,"A143","A153",1,"A173",NA,"A192","A201",1
"A12",12,"A34","A44",1424,NA,NA,4,"A93","A101",3,"A122",NA,"A143","A152",1,"A173",NA,"A191",NA,1
"A11",12,"A32",NA,701,NA,NA,NA,"A94",NA,2,"A121",NA,NA,NA,1,"A172",NA,"A191",NA,1
"A13",18,"A32",NA,2100,"A61",NA,4,"A93",NA,2,"A121",37,"A142",NA,1,"A173",NA,"A191",NA,2
"A11",36,"A32","A43",2302,NA,NA,4,"A91",NA,4,"A123",31,NA,NA,1,"A173",NA,"A191","A201",2
"A11",24,"A31",NA,3161,"A61","A73",4,"A93","A101",2,"A122",31,NA,NA,1,"A173",NA,"A192",NA,2
"A14",15,"A34",NA,1471,NA,NA,NA,"A93",NA,4,"A124",35,NA,"A153",2,"A173",NA,"A192","A201",1
"A14",10,"A34","A40",1231,NA,NA,NA,"A93","A101",4,"A121",NA,"A143","A152",2,"A172",2,"A191",NA,1
"A12",18,"A32",NA,3213,NA,"A72",1,"A94","A101",3,"A121",NA,"A143",NA,1,"A173",1,"A191",NA,1
"A14",48,"A33",NA,7238,NA,NA,NA,"A93",NA,3,"A123",NA,NA,NA,2,"A173",2,"A191","A201",1
"A13",6,"A32","A42",2116,NA,NA,NA,"A93","A101",2,"A121",41,NA,"A152",1,"A173",NA,"A192","A201",1
"A14",18,"A34","A43",1149,NA,NA,NA,"A93",NA,3,"A121",46,NA,NA,2,"A173",NA,"A191","A201",1
"A11",13,"A34","A49",1797,"A61",NA,NA,"A93","A101",1,"A122",28,"A141","A152",2,"A172",NA,"A191","A201",1
"A11",12,"A32","A43",674,"A62",NA,4,"A94","A101",1,"A122",20,NA,NA,1,"A173",1,"A191",NA,2
"A14",48,"A34","A46",6110,NA,NA,NA,"A93","A101",3,"A124",31,NA,NA,1,"A173",NA,"A192","A201",1
"A12",48,"A32",NA,6560,NA,NA,NA,"A93",NA,2,"A122",24,"A143","A152",1,"A173",1,"A191",NA,2
"A12",9,"A32","A43",2118,NA,NA,NA,"A93","A101",2,"A121",37,NA,"A152",1,"A172",NA,"A191","A201",1
"A14",24,"A32",NA,7393,NA,"A73",1,"A93",NA,4,"A122",NA,NA,NA,1,"A172",NA,"A191",NA,1
"A14",14,"A33","A40",802,NA,"A73",NA,"A93","A101",2,"A123",27,"A143","A152",2,"A172",1,"A191","A201",1
"A11",10,"A32",NA,2315,NA,NA,3,"A93","A101",4,"A121",52,"A143",NA,1,"A172",1,"A191",NA,1
"A13",6,"A32","A40",709,"A64",NA,NA,"A94","A101",2,"A121",27,NA,NA,1,"A171",1,"A191","A202",1
"A11",24,"A32","A43",1603,"A61","A75",4,"A92",NA,4,"A123",55,"A143","A152",1,"A173",NA,"A191","A201",1
"A14",12,"A32",NA,804,"A61","A75",NA,"A93",NA,4,"A123",38,NA,NA,1,"A173",NA,"A191","A201",1
"A11",15,"A32",NA,2511,"A61","A71",NA,"A92",NA,4,"A123",23,NA,NA,1,"A173",1,"A191","A201",1
"A13",24,"A32",NA,3749,NA,NA,NA,"A92","A101",4,"A123",NA,NA,NA,1,"A173",NA,"A191","A201",1
"A11",27,"A30",NA,5293,NA,"A71",2,"A93","A101",4,"A122",50,"A142",NA,2,"A173",NA,"A192",NA,2
"A12",12,"A34","A42",3617,NA,"A75",NA,"A93","A101",4,"A123",28,NA,NA,3,"A173",NA,"A192","A201",1
"A12",24,"A32",NA,1355,"A61","A72",3,"A92",NA,4,"A123",25,NA,NA,1,"A172",1,"A192",NA,2
"A13",12,"A32","A43",3399,NA,"A75",NA,"A93","A101",3,"A123",37,NA,"A152",1,"A174",1,"A191",NA,1
"A14",24,"A32","A48",937,NA,"A72",NA,"A94","A101",3,"A123",NA,"A143",NA,2,"A172",1,"A191","A201",1
"A11",45,"A32",NA,1845,NA,"A73",NA,"A93",NA,4,"A124",23,NA,NA,1,"A173",1,"A192",NA,2
"A11",36,"A32",NA,5179,"A61",NA,NA,"A93",NA,2,"A122",29,"A143",NA,1,"A173",1,"A191","A201",2
"A14",10,"A32",NA,1309,NA,"A73",4,"A93",NA,4,"A122",27,NA,"A152",1,"A172",1,"A191",NA,2
"A14",6,"A34",NA,6761,"A61",NA,NA,"A93",NA,3,"A124",45,NA,"A152",2,"A174",2,"A192","A201",1
"A12",10,"A32","A42",1521,NA,"A73",4,"A91",NA,2,"A123",31,NA,"A152",1,"A172",NA,"A191",NA,1
"A14",36,"A30",NA,2613,NA,"A73",4,"A93","A101",2,"A123",27,"A143","A152",2,"A173",NA,"A191",NA,1
"A13",30,"A34",NA,3656,NA,NA,NA,"A93",NA,4,"A122",NA,NA,NA,2,"A172",1,"A191","A201",1
"A12",24,"A32","A41",4113,NA,NA,NA,"A92","A101",4,"A123",28,"A143",NA,1,"A173",1,"A191","A201",2
"A12",12,"A30","A42",2969,"A61",NA,NA,"A92",NA,3,"A122",25,"A143",NA,2,"A173",1,"A191","A201",2
"A14",10,"A32","A41",2901,"A65",NA,NA,"A92","A101",4,"A121",NA,NA,"A151",1,"A173",1,"A191","A201",1
"A14",7,"A34",NA,730,"A65",NA,4,"A93",NA,2,"A122",46,"A143","A151",2,"A172",NA,"A192","A201",1
"A14",9,"A34",NA,1224,"A61","A73",3,"A93",NA,1,"A121",NA,NA,"A152",2,"A173",NA,"A191","A201",1
"A12",15,"A32","A45",1308,NA,"A75",4,"A93",NA,4,"A123",NA,"A143","A152",2,"A172",1,"A191",NA,1
"A12",10,"A32",NA,7308,NA,"A71",2,"A93",NA,4,"A124",NA,NA,NA,1,"A174",1,"A192",NA,1
"A12",15,"A32","A43",1444,"A65",NA,4,"A93",NA,1,"A122",NA,"A143","A152",1,"A173",1,"A191",NA,1
"A13",10,"A32","A40",1240,NA,NA,1,"A92",NA,4,"A124",NA,"A143",NA,1,"A172",2,"A191","A201",2
"A11",18,"A32",NA,4153,NA,NA,2,"A93",NA,3,"A123",NA,NA,"A152",1,"A173",NA,"A191",NA,2
"A11",12,"A32","A40",759,"A61",NA,4,"A93","A101",2,"A121",26,"A143","A152",1,"A173",1,"A191","A201",2
"A13",10,"A32","A40",3949,"A61",NA,1,"A93",NA,1,"A122",NA,"A143","A152",1,"A172",NA,"A191",NA,1
"A14",4,"A34",NA,3380,NA,NA,1,"A92",NA,1,"A121",NA,NA,NA,1,"A173",2,"A191",NA,1
"A11",6,"A34",NA,860,NA,NA,NA,"A92","A101",4,"A124",NA,NA,NA,2,"A173",1,"A192","A201",1
"A12",12,"A32",NA,639,"A61","A73",4,"A93","A101",2,"A123",NA,NA,NA,1,"A173",1,"A191",NA,2
"A14",15,"A32",NA,2186,"A65",NA,1,"A92","A101",4,"A121",33,NA,NA,1,"A172",1,"A191",NA,1
"A11",39,"A34","A42",14179,"A65",NA,4,"A93","A101",4,"A122",NA,NA,"A152",2,"A174",1,"A192",NA,1
"A14",21,"A32",NA,2476,NA,NA,4,"A93","A101",4,"A121",NA,"A143","A152",1,"A174",NA,"A192","A201",1
"A14",12,"A32","A42",1574,NA,"A73",4,"A93","A101",2,"A121",50,"A143","A152",1,"A173",1,"A191","A201",1
"A11",24,"A32","A43",1823,NA,NA,4,"A93","A101",2,"A123",NA,NA,NA,1,"A174",NA,"A191","A201",2
"A12",27,"A32","A49",2528,NA,"A72",NA,"A92","A101",1,"A122",NA,NA,NA,1,"A173",2,"A192","A201",1
"A14",21,"A32","A40",2782,"A63",NA,1,"A92",NA,2,"A123",NA,NA,"A152",1,"A174",1,"A191",NA,1
"A12",18,"A33",NA,6204,"A61","A73",NA,"A93","A101",4,"A121",NA,"A143","A152",1,"A172",2,"A192","A201",1
"A14",9,"A32","A42",1313,NA,NA,NA,"A93","A101",4,"A123",20,NA,"A152",1,"A173",NA,"A191","A201",1
